Empresa;Projeto;Categoria;jan/24;fev/24;mar/24;abr/24;mai/24;jun/24;jul/24;ago/24;set/24;out/24;nov/24;dez/24;jan/25;fev/25;mar/25;abr/25;mai/25;jun/25;jul/25;ago/25;set/25;out/25;nov/25;
Conectius;Conectius - Rateio;Ativos;6333;6333;6333;6333;6333;6333;6333;6333;6333;6333;6333;6333;6333;6333;6333;6333;6333;6333;8261;10900;7076;7432;6590;
Conectius;Conectius - Rateio;Consórcios - a contemplar;694;694;694;694;694;694;694;694;694;694;694;694;694;694;694;694;694;694;694;710;681;686;699;
Conectius;Conectius - Rateio;Custo dos Serviços Prestados;;;;9982;7366;7305;7305;7305;7305;7305;1290;7305;8262;8362;8262;8262;8707;8262;0;1016;;;;
Conectius;Conectius - Rateio;Despesas Administrativas;3524;3927;0;1748;1079;989;1555;1753;1710;1465;2423;4549;4457;860;2967;3420;2139;1940;5950;1844;3691;4001;2635;
Conectius;Conectius - Rateio;Despesas com Pessoal;45755;33709;12608;3458;2547;3152;2576;3014;3162;4231;3494;6540;9594;9138;8052;6224;8489;3561;1418;0;8668;167;;
Conectius;Conectius - Rateio;Despesas Financeiras;;;;;;;;;;;;;;;;;;;8521;9316;7678,5;6152;6207;
Conectius;Conectius - Rateio;Despesas Variáveis;0;0;0;1646;921;831;1397;1595;1595;1063;2308;4434;4342;745;2852;3296;1887;1809;5950;1844;;;;
Conectius;Conectius - Rateio;Impostos;24600;15051;2497;701;816;446;2151;1376;1470;375;355;371;892;1731;446;446;446;870;881;0;;515;167;
Conectius;Conectius - Rateio;Outras Receitas;0;0;0;0;0;0;0;0;0;0;0;0;3591;3591;3591;3591;3591;3591;3591;3591;3591;;;
Conectius;Conectius - Rateio;Plano de Saúde;0;0;0;0;0;0;0;0;0;0;0;0;5395;5395;5395;5395;5395;5395;5395;6179,14;9485;1314;6785;
Conectius;Conectius - Rateio;Receita Bruta de Vendas;168883;102034;7916;0;0;0;0;0;0;0;0;0;0;0;0;0;0;0;0;0;8587;;;
Conectius;Conectius - Rateio;Receitas Financeiras;;;;;;;;;;;;;;;;;;0;0,02;0,77;0,14;0,49;0;
DZM;DZM - Alcalinas;Despesas Administrativas;966;1111;1347;1684;2022;850;1024;919;1390;991;897;543;1498;930;484;484;484;;;;;;;
DZM;DZM - Audiovisual;Despesas Administrativas;0;0;0;0;0;175;61;83;83;157;496;287;130;446;176;127;0;;;;;;;
DZM;DZM - Imóveis Guilhermina;Despesas Administrativas;0;0;0;0;74;4;2;112;294;117;202;497;515;554;420;231;14;;;;;;;
DZM;DZM - Rancho da Praia;Despesas Administrativas;9037;6235;3270;3996;7788;2998;1841;6663;23003;33226;53884;46072;19672;12349;5128;14443;10500;;;;;;;
DZM;DZM - Terceirização;Despesas Administrativas;0;0;0;314;1115;1684;1368;1447;1502;1870;2357;3370;1963;8104;334;1206;1668;;;;;;;
DZM;DZM - Alcalinas;Custo dos Serviços Prestados;4642;10026;6302;11579;4889;3590;3918;717;3171;0;0;0;0;0;0;0;0;;;;;;;
DZM;DZM - Audiovisual;Custo dos Serviços Prestados;0;0;0;0;0;55;463;0;0;0;0;0;0;87;0;0;0;;;;;;;
DZM;DZM - Imóveis Guilhermina;Custo dos Serviços Prestados;0;0;0;0;0;5;33;0;0;0;0;0;0;6;0;0;0;;;;;;;
DZM;DZM - Rancho da Praia;Custo dos Serviços Prestados;2994;3750;4237;3935;3931;4331;4357;5313;7970;27602;10974;17015;19093;1056;5225;22127;3133;;;;;;;
DZM;DZM - Terceirização;Custo dos Serviços Prestados;0;0;26979;23096;36264;37177;34895;39097;39813;41486;86617;33042;31171;21875;31978;32768;39661;;;;;;;
DZM;DZM - Alcalinas;Impostos;49;172;1016;716;516;234;4;202;1307;0;0;0;0;0;0;0;0;;;;;;;
DZM;DZM - Audiovisual;Impostos;0;0;0;0;0;649;715;737;787;920;953;945;1021;1080;1005;1085;0;;;;;;;
DZM;DZM - Imóveis Guilhermina;Impostos;0;0;0;0;67;2;0;212;217;226;228;234;1490;723;405;418;270;;;;;;;
DZM;DZM - Rancho da Praia;Impostos;331;141;500;214;165;71;58;956;69;81;467;2250;29;45;116;48;341;;;;;;;
DZM;DZM - Terceirização;Impostos;0;0;0;0;0;4372;2659;3356;3154;4468;4571;0;13560;5009;0;3830;10902;;;;;;;
DZM;DZM - Alcalinas;Receita Bruta de Vendas;432;3226;5382;13983;6677;3811;0;6677;16590;0;0;0;0;0;0;0;0;;;;;;;
DZM;DZM - Audiovisual;Receita Bruta de Vendas;0;0;0;0;0;10400;10400;10400;10400;10400;10400;10400;10400;10400;10400;10400;0;;;;;;;
DZM;DZM - Imóveis Guilhermina;Receita Bruta de Vendas;0;0;0;0;874;944;869;879;858;864;905;891;919;972;981;930;844;;;;;;;
DZM;DZM - Rancho da Praia;Receita Bruta de Vendas;2854;2688;2688;4088;2162;10572;8529;14817;14842;16695;6749;22772;14134;14400;13282;14190;3215;;;;;;;
DZM;DZM - Terceirização;Receita Bruta de Vendas;0;0;0;0;0;72197;38731;47623;41603;50702;50073;0;138423;47106;0;36665;95774;;;;;;;
Mar_BR;Bertioga SEDUC 3151/2025 135/2025;Adiantamento - Credenciado Administrativo;;;;;;;;;;;;;;;;;;;;;;2520;;
Mar_BR;Bertioga SESAP 1390/2024 71/2024;Adiantamento - Credenciado Administrativo;;;;;;;;;;;;;;;;;;;451;805;412;525;416;
Mar_BR;Capina Elétrica / MAM / Crestani / Zasso;Adiantamento - Credenciado Administrativo;;;;;;;;;;;;;;;;;;;660;1347;;;1405;
Mar_BR;Eventuais B2G;Adiantamento - Credenciado Administrativo;;;;;;;;;;;;;;;;;;;;;418;;;
Mar_BR;Rede Alpha;Adiantamento - Credenciado Administrativo;;;;;;;;;;;;;;;;;;;35;63;37;;34;
Mar_BR;Rossi Advogados;Adiantamento - Credenciado Administrativo;;;;;;;;;;;;;;;;;;;12;21;11;;12;
Mar_BR;Santos STS SEDUC 36693/2022 12/2024;Adiantamento - Credenciado Administrativo;;;;;;;;;;;;;;;;;;;6577;11736;6016;6720;6496;
Mar_BR;São Paulo CMSP CSP 274/2024 03/2025;Adiantamento - Credenciado Administrativo;;;;;;;;;;;;;;;;;;;735;1278;655;735;707;
Mar_BR;São Paulo CRSN PSP 6018/2025;Adiantamento - Credenciado Administrativo;;;;;;;;;;;;;;;;;;;;;;;335;
Mar_BR;Santos STS SEDUC 36693/2022 12/2024;Adiantamento - Credenciado Operacional;;;;;;;;;;;;;;;;;;;6500;;;;;
Mar_BR;São Paulo CRSN PSP 6018/2025;Adiantamento - Credenciado Operacional;;;;;;;;;;;;;;;;;;;;;;4500;;
Mar_BR;Bertioga SEDUC 3151/2025 135/2025;Adiantamento - Credenciado TI;;;;;;;;;;;;;;;;;;;;;;600;;
Mar_BR;Bertioga SESAP 1390/2024 71/2024;Adiantamento - Credenciado TI;;;;;;;;;;;;;;;;;;;80;;27;125;133;
Mar_BR;Capina Elétrica / MAM / Crestani / Zasso;Adiantamento - Credenciado TI;;;;;;;;;;;;;;;;;;;117;;;;448;
Mar_BR;Eventuais B2G;Adiantamento - Credenciado TI;;;;;;;;;;;;;;;;;;;;;28;;;
Mar_BR;Rede Alpha;Adiantamento - Credenciado TI;;;;;;;;;;;;;;;;;;;6;;2;;11;
Mar_BR;Rossi Advogados;Adiantamento - Credenciado TI;;;;;;;;;;;;;;;;;;;2;;1;;4;
Mar_BR;Santos STS SEDUC 36693/2022 12/2024;Adiantamento - Credenciado TI;;;;;;;;;;;;;;;;;;;1165;;398;1600;2072;
Mar_BR;São Paulo CMSP CSP 274/2024 03/2025;Adiantamento - Credenciado TI;;;;;;;;;;;;;;;;;;;130;;43;175;226;
Mar_BR;São Paulo CRSN PSP 6018/2025;Adiantamento - Credenciado TI;;;;;;;;;;;;;;;;;;;;;;;107;
Mar_BR;Rossi Advogados;Ativos;27883;32055;32055;34895;34120;34120;34295;34295;35052;36671;37788;34199;34199;35693;36027;36027;148385,2;;;;;;;
Mar_BR;Bertioga SEDUC 3151/2025 135/2025;Ativos;;;;;;;;;;;;;;;;;;;;;;5480;96;
Mar_BR;Bertioga SESAP 1390/2024 71/2024;Ativos;;;;;;;;;;;;;;;;;;649;725;1340;1568;1174;822;
Mar_BR;Capina Elétrica / MAM / Crestani / Zasso;Ativos;;;;;;;;;;;;;;;;;;6515;6423;7603;5750;43;7483;
Mar_BR;D.Z.M;Ativos;;;;;;;;;;;;;;;;;;287;;393;676;;;
Mar_BR;Eventuais B2G;Ativos;;;;;;;;;;;;;;;;;;555;;;1332;;;
Mar_BR;Rede Alpha;Ativos;;;;;;;;;;;;;;;;;;48;56;104;120;2;45;
Mar_BR;Rossi Advogados;Ativos;;;;;;;;;;;;;;;;;;17;19;36;37;1;16;
Mar_BR;Santos STS SEDUC 36693/2022 12/2024;Ativos;;;;;;;;;;;;;;;;;;9499;10561;19525;22891;15113;12538;
Mar_BR;São Paulo CMSP CSP 274/2024 03/2025;Ativos;;;;;;;;;;;;;;;;;;939;1181;2126;2460;1651;1329;
Mar_BR;São Paulo CRSN PSP 6018/2025;Ativos;;;;;;;;;;;;;;;;;;;;;;;445;
Mar_BR;Bertioga SEDUC 3151/2025 135/2025;Consórcios - a contemplar;;;;;;;;;;;;;;;;;;;;;;682;;
Mar_BR;Bertioga SESAP 1390/2024 71/2024;Consórcios - a contemplar;;;;;;;;;;;;;;;;;;143;151;150;155;142;126;
Mar_BR;Capina Elétrica / MAM / Crestani / Zasso;Consórcios - a contemplar;;;;;;;;;;;;;;;;;;254;221;252;;;424;
Mar_BR;Eventuais B2G;Consórcios - a contemplar;;;;;;;;;;;;;;;;;;123;;;157;;;
Mar_BR;Rede Alpha;Consórcios - a contemplar;;;;;;;;;;;;;;;;;;11;12;;14;;10;
Mar_BR;Rossi Advogados;Consórcios - a contemplar;;;;;;;;;;;;;;;;;;4;4;;4;;4;
Mar_BR;Santos STS SEDUC 36693/2022 12/2024;Consórcios - a contemplar;;;;;;;;;;;;;;;;;;2098;2205;2193;2263;1818;1962;
Mar_BR;São Paulo CMSP CSP 274/2024 03/2025;Consórcios - a contemplar;;;;;;;;;;;;;;;;;;207;247;245;247;199;214;
Mar_BR;São Paulo CRSN PSP 6018/2025;Consórcios - a contemplar;;;;;;;;;;;;;;;;;;;;;;;101;
Mar_BR;Bertioga SEDUC 3151/2025 135/2025;Consórcios - contemplados;;;;;;;;;;;;;;;;;;;;;;579;;
Mar_BR;Bertioga SESAP 1390/2024 71/2024;Consórcios - contemplados;;;;;;;;;;;;;;;;;;246;260;386;266;121;107;
Mar_BR;Capina Elétrica / MAM / Crestani / Zasso;Consórcios - contemplados;;;;;;;;;;;;;;;;;;437;380;645;;;360;
Mar_BR;Eventuais B2G;Consórcios - contemplados;;;;;;;;;;;;;;;;;;211;;;270;;;
Mar_BR;Rede Alpha;Consórcios - contemplados;;;;;;;;;;;;;;;;;;18;20;30;24;;9;
Mar_BR;Rossi Advogados;Consórcios - contemplados;;;;;;;;;;;;;;;;;;6;7;10;7;;3;
Mar_BR;Santos STS SEDUC 36693/2022 12/2024;Consórcios - contemplados;;;;;;;;;;;;;;;;;;3603;3787;5619;3886;1544;1666;
Mar_BR;São Paulo CMSP CSP 274/2024 03/2025;Consórcios - contemplados;;;;;;;;;;;;;;;;;;356;423;612;423;169;181;
Mar_BR;São Paulo CRSN PSP 6018/2025;Consórcios - contemplados;;;;;;;;;;;;;;;;;;;;;;;86;
Mar_BR;Capina Elétrica / MAM / Crestani / Zasso;Corretiva - B2B;3338;3347;3338;0;0;0;2147;48;7;0;0;0;0;0;0;0;2260;;;;;;;
Mar_BR;Bertioga SESAP 1390/2024 71/2024;Corretiva - B2G;0;0;0;0;0;0;0;0;0;0;0;48;408;288;619;588;2159;;;;;;;
Mar_BR;Mar Brasil - Rateio;Corretiva - B2G;0;0;0;0;0;0;0;0;0;0;0;0;0;0;0;0;0;;;;;;;
Mar_BR;Mar Brasil - Estoque;Corretiva - B2G;0;0;0;0;0;0;0;0;0;0;0;0;0;0;0;0;0;;;;;;;
Mar_BR;Oftalmo;Corretiva - B2G;0;0;0;0;8;61;74;61;60;60;61;78;225;179;349;181;0;;;;;;;
Mar_BR;Eventuais B2G;Corretiva - B2G;0;0;0;0;0;0;0;0;0;0;0;0;0;0;0;0;0;;;;;;;
Mar_BR;PG - 171;Corretiva - B2G;33467;13252;29059;36038;14233;18788;2820;4017;5821;3480;5425;891;0;0;0;0;0;;;;;;;
Mar_BR;PG - Chiller;Corretiva - B2G;9370;2631;4511;7569;5518;5168;1222;2410;7094;2103;2855;976;0;0;0;0;0;;;;;;;
Mar_BR;Santos STS Seduc 36693/2022 12/2024;Corretiva - B2G;1169;0;1438;8580;5963;13241;15366;8648;13589;13581;23574;3181;23209;14640;21685;42689;29229;;;;;;;
Mar_BR;São Paulo CMSP CSP 274/2024 03/2025;Corretiva - B2G;0;0;0;0;0;0;0;0;0;0;0;0;0;0;6516;636;4879;;;;;;;
Mar_BR;Bertioga SEDUC 378/2024 54/2024;Corretiva - B2G;0;0;0;0;0;0;0;0;0;588;61;281;1376;13539;14508;1795;2339;;;;;;;
Mar_BR;Bertioga SEDUC 3151/2025 135/2025;Corretiva - B2G;;;;;;;;;;;;;;;;;;;;;13;7879;4576;
Mar_BR;Bertioga SEDUC 378/2024 54/2024;Corretiva - B2G;;;;;;;;;;;;;;;;;;5885;2764;3356;228;225;228;
Mar_BR;Bertioga SESAP 1390/2024 71/2024;Corretiva - B2G;;;;;;;;;;;;;;;;;;1227;1312;1195;1497;1845;675;
Mar_BR;Capina Elétrica / MAM / Crestani / Zasso;Corretiva - B2G;;;;;;;;;;;;;;;;;;;1244;1064;;;;
Mar_BR;Eventuais B2G;Corretiva - B2G;;;;;;;;;;;;;;;;;;1077;;;1516;;1500;
Mar_BR;Mar Brasil - Estoque;Corretiva - B2G;;;;;;;;;;;;;;;;;;;;;3352;;;
Mar_BR;Rede Alpha;Corretiva - B2G;;;;;;;;;;;;;;;;;;;65;49;134;;47;
Mar_BR;Rossi Advogados;Corretiva - B2G;;;;;;;;;;;;;;;;;;;22;17;41;;16;
Mar_BR;Santos STS SEDUC 36693/2022 12/2024;Corretiva - B2G;;;;;;;;;;;;;;;;;;19212;23103;13071;28422;20214;17624;
Mar_BR;São Paulo CMSP CSP 274/2024 03/2025;Corretiva - B2G;;;;;;;;;;;;;;;;;;1681;1853;1154;2594;2296;7066;
Mar_BR;São Paulo CRSN PSP 6018/2025;Corretiva - B2G;;;;;;;;;;;;;;;;;;;;;;;544;
Mar_BR;Bertioga SEDUC 3151/2025 135/2025;Credenciado Administrativo;;;;;;;;;;;;;;;;;;;;;3221;8003;;
Mar_BR;Bertioga SESAP 1390/2024 71/2024;Credenciado Administrativo;;;;;;;;;;;;;;;;;;2107;1852;2316;2671;2165;2175;
Mar_BR;Capina Elétrica / MAM / Crestani / Zasso;Credenciado Administrativo;;;;;;;;;;;;;;;;;;3738;2706;3874;101;1137;5442;
Mar_BR;Eventuais B2G;Credenciado Administrativo;;;;;;;;;;;;;;;;;;1802;;;1932;;;
Mar_BR;Rede Alpha;Credenciado Administrativo;;;;;;;;;;;;;;;;;;154;142;180;180;41;178;
Mar_BR;Rossi Advogados;Credenciado Administrativo;;;;;;;;;;;;;;;;;;54;49;61;55;15;64;
Mar_BR;Santos STS SEDUC 36693/2022 12/2024;Credenciado Administrativo;;;;;;;;;;;;;;;;;;30819;26976;33764;37808;29126;33996;
Mar_BR;São Paulo CMSP CSP 274/2024 03/2025;Credenciado Administrativo;;;;;;;;;;;;;;;;;;3046;3016;3677;4124;3182;3702;
Mar_BR;São Paulo CRSN PSP 6018/2025;Credenciado Administrativo;;;;;;;;;;;;;;;;;;;;;;401;1752;
Mar_BR;Bertioga SEDUC 3151/2025 135/2025;Credenciado Operacional;;;;;;;;;;;;;;;;;;;;;2852;3045;5091;
Mar_BR;Bertioga SEDUC 378/2024 54/2024;Credenciado Operacional;;;;;;;;;;;;;;;;;;3944;7934;8500;4100;;;
Mar_BR;Bertioga SESAP 1390/2024 71/2024;Credenciado Operacional;;;;;;;;;;;;;;;;;;4329;84;192;594;773;2354;
Ybox;Ybox;Despesas Administrativas;1029;821;578;2006;7984;4228;4282;506;506;506;568;3763;2826;1891;2071;1953;3347;1987;29453;7680,47;9501;4332,32;19672,47;
Ybox;Ybox;Dividendos;17749;19067;19640;19640;19328;19328;19328;19328;19328;27840;8977;9115;19112;17899;15003;17899;17899;17899;24795;35284;24398;29398,22;22224,93;
Ybox;Ybox;Impostos;6472;6078;6068;6059;6049;6038;6334;6015;6004;6045;6084;6107;6149;6174;6158;6151;6144;8990;2846;4880;4802;4802;3526,88;
Ybox;Ybox;Jurídico;3500;3500;3500;3587;3500;3500;3500;3500;3500;3500;3500;3500;3500;3500;3500;3500;3500;3500;3500;;;;;
Ybox;Ybox;Juros e devoluções;7626;8319;7626;7626;7626;3500;3500;3500;0;3500;0;0;3500;3500;3500;3500;3500;3500;3500;;;;1258,04;
Ybox;Ybox;Receita Bruta de Vendas;41592;41592;41592;41592;41592;45718;45718;41592;45718;46473;45258;45258;43118;43694;43118;43118;43118;43118;43118;43118;44357;46137,03;49160,62;
DZM;DZM - Alcalinas;Despesas Administrativas;;;;;;;;;;;;;;;;;;;484;;345;374;374;
DZM;DZM - G2;Despesas Administrativas;;;;;;;;;;;;;;;;;;15000;9143;9143;9143;9143;9143;
DZM;DZM - Imóveis Guilhermina;Outras Receitas;;;;;;;;;;;;;;;;;;0;0;;;;;
DZM;DZM - Imóveis Guilhermina;Receita Bruta de Vendas;;;;;;;;;;;;;;;;;;1822;1859;1834;1899;816;768;
DZM;DZM - Imóveis Guilhermina;Despesas Administrativas;;;;;;;;;;;;;;;;;;523;1068;157;338;369;349;
DZM;DZM - Imóveis Guilhermina;Impostos;;;;;;;;;;;;;;;;;;;140;;;;;
DZM;DZM - Imóveis Guilhermina;Receitas Financeiras;;;;;;;;;;;;;;;;;;8;;19;18;;38;
DZM;DZM - Imóveis Guilhermina;Despesas Financeiras;;;;;;;;;;;;;;;;;;3;4;;;;;
DZM;DZM - Intermediação de Negócios;Receita Bruta de Vendas;;;;;;;;;;;;;;;;;;;;60164;60194;68966;75055;
DZM;DZM - Mar Brasil;Ativos;;;;;;;;;;;;;;;;;;;;;771;;;
DZM;DZM - Mar Brasil;Despesas com Pessoal;;;;;;;;;;;;;;;;;;1000;;;350;;;
DZM;DZM - Mar Brasil;Despesas Variáveis;;;;;;;;;;;;;;;;;;3142;49;72;;610;40;
DZM;DZM - Mar Brasil;Custo dos Serviços Prestados;;;;;;;;;;;;;;;;;;;;140;;;;
DZM;DZM - Mar Brasil;Despesas Administrativas;;;;;;;;;;;;;;;;;;2435;1792;2063;400;100;180;
DZM;DZM - Mar Brasil;Recuperação de Despesas Variáveis;5363;5363;5363;5363;5363;5363;5363;5363;5363;5363;5363;5363;5363;5363;5363;5363;5363;5363;5363;5363;5363;5363;5363;
DZM;DZM - Mar Brasil;Despesas Financeiras;;;;;;;;;;;;;;;;;;3;15;;;;;
DZM;DZM - Mar Brasil - Climatização;Despesas Administrativas;;;;;;;;;;;;;;;;;;;;;;700;800;
DZM;DZM - Pessoal;Despesas com Pessoal;;;;;;;;;;;;;;;;;;;;;;;500;
DZM;DZM - Pessoal;Despesas Variáveis;;;;;;;;;;;;;;;;;;2829;7676;7205;3384;2033;5775;
DZM;DZM - Pessoal;Outras Receitas;;;;;;;;;;;;;;;;;;;;129;129;129;;
DZM;DZM - Pessoal;Despesas Administrativas;;;;;;;;;;;;;;;;;;;;1027;2355;3278;359;
DZM;DZM - Pessoal;Despesas Financeiras;;;;;;;;;;;;;;;;;;;6;;;;;
DZM;DZM - Rancho da Praia;Ativos;;;;;;;;;;;;;;;;;;;1613;244;2514;827;1257;
DZM;DZM - Rancho da Praia;Despesas com Pessoal;;;;;;;;;;;;;;;;;;2996;4112;4229;3805;2811;3300;
DZM;DZM - Rancho da Praia;Despesas Variáveis;;;;;;;;;;;;;;;;;;3508;2530;1900;3138;2163;6219;
DZM;DZM - Rancho da Praia;Outras Receitas;;;;;;;;;;;;;;;;;;0;1;;;;;
DZM;DZM - Rancho da Praia;Receita Bruta de Vendas;;;;;;;;;;;;;;;;;;18778;43989;14848;23840;24030;20744;
DZM;DZM - Rancho da Praia;Custo dos Serviços Prestados;;;;;;;;;;;;;;;;;;169;150;585;655;125;410;
DZM;DZM - Rancho da Praia;Despesas Administrativas;;;;;;;;;;;;;;;;;;4917;5466;8805;7491;9428;15736;
DZM;DZM - Rancho da Praia;Despesas Financeiras;;;;;;;;;;;;;;;;;;3;114;54;29;;;
DZM;DZM - RATEIO;Ativos;;;;;;;;;;;;;;;;;;;;139;;;;
DZM;DZM - RATEIO;Despesas com Pessoal;;;;;;;;;;;;;;;;;;;;;1848;;;
DZM;DZM - RATEIO;Despesas Variáveis;;;;;;;;;;;;;;;;;;;;;64;;;
DZM;DZM - RATEIO;Outras Receitas;;;;;;;;;;;;;;;;;;;;0;0;2;1;
DZM;DZM - RATEIO;Despesas Administrativas;;;;;;;;;;;;;;;;;;;657;1944;1701;4353;3066;
DZM;DZM - RATEIO;Impostos;;;;;;;;;;;;;;;;;;5343;;10532;16983;21438;21068;
DZM;DZM - RATEIO;Recuperação de Despesas Variáveis;;;;;;;;;;;;;;;;;;;;1;284;;667;
DZM;DZM - RATEIO;Despesas Financeiras;;;;;;;;;;;;;;;;;;;;239;239;265;271;
DZM;DZM - RATEIO;Despesas de Vendas e Marketing;;;;;;;;;;;;;;;;;;;;;;;20000;
DZM;DZM - Ribeirópolis - Galpão 0643;Ativos;;;;;;;;;;;;;;;;;;;;;;;813;
DZM;DZM - Ribeirópolis - Galpão 0643;Despesas Variáveis;;;;;;;;;;;;;;;;;;4800;650;40;3779;40;60;
DZM;DZM - Ribeirópolis - Galpão 0643;Custo dos Serviços Prestados;;;;;;;;;;;;;;;;;;665;;;;;;
DZM;DZM - Ribeirópolis - Galpão 0643;Despesas Administrativas;;;;;;;;;;;;;;;;;;500;975;1716;1493;3251;2995;
DZM;DZM - Ribeirópolis - Galpão 0643;Impostos;;;;;;;;;;;;;;;;;;91;;;;;;
DZM;DZM - Ribeirópolis - Galpão 0643;Despesas Financeiras;;;;;;;;;;;;;;;;;;3;;;;;;
DZM;DZM - Terceirização;Ativos;;;;;;;;;;;;;;;;;;;;;758;;;
DZM;DZM - Terceirização;Despesas com Pessoal;;;;;;;;;;;;;;;;;;33829;47862;53341;41855;58482;51935;
DZM;DZM - Terceirização;Despesas Variáveis;;;;;;;;;;;;;;;;;;;83;;;;;
DZM;DZM - Terceirização;Outras Receitas;;;;;;;;;;;;;;;;;;1;1;;;;;
DZM;DZM - Terceirização;Receita Bruta de Vendas;;;;;;;;;;;;;;;;;;44229;49728;55090;51628;53726;63276;
DZM;DZM - Terceirização;Despesas Administrativas;;;;;;;;;;;;;;;;;;2812;1526;1153;3768;3054;2635;
DZM;DZM - Terceirização;Despesas Financeiras;;;;;;;;;;;;;;;;;;194;108;;;;;
DZM;DZM - Terceirização;Despesas de Vendas e Marketing;;;;;;;;;;;;;;;;;;;;;1160;496;500;
DZM;DZM - Ybox;Despesas Administrativas;;;;;;;;;;;;;;;;;;;;34;;;;
DZM;Tchandra Coelho;Ativos;;;;;;;;;;;;;;;;;;;;;;2569;2631;
DZM;Tchandra Coelho;Despesas Variáveis;;;;;;;;;;;;;;;;;;;;300;7187;5590;5780;
Mar_BR;Capina Elétrica / MAM / Crestani / Zasso;Credenciado Operacional;;;;;;;;;;;;;;;;;;141;122;321;;;;
Mar_BR;Eventuais B2G;Credenciado Operacional;;;;;;;;;;;;;;;;;;68;;;;;;
Mar_BR;Rede Alpha;Credenciado Operacional;;;;;;;;;;;;;;;;;;6;6;15;;12;12;
Mar_BR;Rossi Advogados;Credenciado Operacional;;;;;;;;;;;;;;;;;;2;2;5;;4;4;
Mar_BR;Santos STS SEDUC 36693/2022 12/2024;Credenciado Operacional;;;;;;;;;;;;;;;;;;25905;22537;41052;30421;26651;29637;
Mar_BR;São Paulo CMSP CSP 274/2024 03/2025;Credenciado Operacional;;;;;;;;;;;;;;;;;;114;136;304;832;1125;4053;
Mar_BR;São Paulo CRSN PSP 6018/2025;Credenciado Operacional;;;;;;;;;;;;;;;;;;;;;;112;119;
Mar_BR;Bertioga SEDUC 3151/2025 135/2025;Credenciado TI;;;;;;;;;;;;;;;;;;;;;;3540;;
Mar_BR;Bertioga SESAP 1390/2024 71/2024;Credenciado TI;;;;;;;;;;;;;;;;;;854;800;660;1065;738;583;
Mar_BR;Capina Elétrica / MAM / Crestani / Zasso;Credenciado TI;;;;;;;;;;;;;;;;;;1516;1169;1104;;;1192;
Mar_BR;Eventuais B2G;Credenciado TI;;;;;;;;;;;;;;;;;;731;;;1080;;;
Mar_BR;Rede Alpha;Credenciado TI;;;;;;;;;;;;;;;;;;63;62;51;96;;13;
Mar_BR;Rossi Advogados;Credenciado TI;;;;;;;;;;;;;;;;;;22;21;17;29;;5;
Mar_BR;Santos STS SEDUC 36693/2022 12/2024;Credenciado TI;;;;;;;;;;;;;;;;;;12496;11648;9620;15538;9441;8675;
Mar_BR;São Paulo CMSP CSP 274/2024 03/2025;Credenciado TI;;;;;;;;;;;;;;;;;;1235;1302;1048;1693;1033;882;
Mar_BR;São Paulo CRSN PSP 6018/2025;Credenciado TI;;;;;;;;;;;;;;;;;;;;;;;125;
Mar_BR;Bertioga SEDUC 378/2024 54/2024;Custo dos Serviços Prestados;0;0;0;0;0;0;0;0;0;0;2538;179;2447;5939;628;0;1834;;;;;;;
Mar_BR;Bertioga SESAP 1390/2024 71/2024;Custo dos Serviços Prestados;0;0;0;0;0;0;0;0;0;0;0;2079;1112;968;1200;1671;1710;;;;;;;
Mar_BR;Capina Elétrica / MAM / Crestani / Zasso;Custo dos Serviços Prestados;35871;81350;36282;144;131;415;2104;1773;4581;72;72;0;0;0;0;0;1672;;;;;;;
Mar_BR;Oftalmo;Custo dos Serviços Prestados;563;970;602;784;2184;702;283;584;853;995;565;579;545;539;621;640;0;;;;;;;
Mar_BR;PG - 171;Custo dos Serviços Prestados;10042;12289;7690;5850;15427;3923;1898;4028;7602;8399;4101;120;0;0;0;0;0;;;;;;;
Mar_BR;PG - Chiller;Custo dos Serviços Prestados;2622;3636;1131;475;1409;475;343;394;715;853;443;444;0;0;0;0;0;;;;;;;
Mar_BR;Santos STS Seduc 36693/2022 12/2024;Custo dos Serviços Prestados;13632;10000;24999;20998;56787;18759;10601;17654;24968;29944;91931;13517;11729;9301;23823;20000;17015;;;;;;;
Mar_BR;São Paulo CMSP CSP 274/2024 03/2025;Custo dos Serviços Prestados;0;0;0;0;0;0;0;0;0;0;0;0;0;0;6971;8333;1421;;;;;;;
Mar_BR;Bertioga SEDUC 3151/2025 135/2025;Custo dos Serviços Prestados;;;;;;;;;;;;;;;;;;;;;;19059;;
Mar_BR;Bertioga SEDUC 378/2024 54/2024;Custo dos Serviços Prestados;;;;;;;;;;;;;;;;;;250;;628;378;;125;
Mar_BR;Bertioga SESAP 1390/2024 71/2024;Custo dos Serviços Prestados;;;;;;;;;;;;;;;;;;76;523;3782;3735;4013;4195;
Mar_BR;Capina Elétrica / MAM / Crestani / Zasso;Custo dos Serviços Prestados;;;;;;;;;;;;;;;;;;134;398;5913;94;71;11527;
Mar_BR;D.Z.M;Custo dos Serviços Prestados;;;;;;;;;;;;;;;;;;757;757;;500;;;
Mar_BR;Eventuais B2G;Custo dos Serviços Prestados;;;;;;;;;;;;;;;;;;65;;;3728;;4100;
Mar_BR;Rede Alpha;Custo dos Serviços Prestados;;;;;;;;;;;;;;;;;;6;21;28;330;;328;
Mar_BR;Rossi Advogados;Custo dos Serviços Prestados;;;;;;;;;;;;;;;;;;2;7;9;101;;118;
Mar_BR;Santos STS SEDUC 36693/2022 12/2024;Custo dos Serviços Prestados;;;;;;;;;;;;;;;;;;7465;5764;59584;58143;59441;72207;
Mar_BR;São Paulo CMSP CSP 274/2024 03/2025;Custo dos Serviços Prestados;;;;;;;;;;;;;;;;;;110;444;5745;5929;5628;7926;
Mar_BR;São Paulo CRSN PSP 6018/2025;Custo dos Serviços Prestados;;;;;;;;;;;;;;;;;;;;;;;3278;
Mar_BR;Bertioga SEDUC 378/2024 54/2024;Despesas Administrativas;0;0;0;0;0;0;0;0;0;78896;12340;7917;23954;42979;979;524;12234;;;;;;;
Mar_BR;Bertioga SESAP 1390/2024 71/2024;Despesas Administrativas;0;0;0;0;0;0;0;0;0;0;0;12897;10002;9366;11630;10720;3784;;;;;;;
Mar_BR;Capina Elétrica / MAM / Crestani / Zasso;Despesas Administrativas;10908;7847;177;625;787;9230;13532;8632;9143;60;0;0;0;0;0;0;4840;;;;;;;
Mar_BR;Oftalmo;Despesas Administrativas;4300;2692;3132;5350;4466;2158;3889;3869;3873;3726;3369;3612;4587;4076;3584;7697;0;;;;;;;
Mar_BR;PG - 171;Despesas Administrativas;41402;31596;25028;44846;36647;31975;35549;32850;41778;40329;15764;3577;0;0;0;0;0;;;;;;;
Mar_BR;PG - Chiller;Despesas Administrativas;10936;5598;1673;5682;5864;5710;4813;5593;5719;4728;2515;2406;0;0;0;0;0;;;;;;;
Mar_BR;Santos STS Seduc 36693/2022 12/2024;Despesas Administrativas;8617;24605;45606;106479;79212;78718;74295;71182;91577;88132;80804;110405;109134;120672;111486;133010;96586;;;;;;;
Mar_BR;São Paulo CMSP CSP 274/2024 03/2025;Despesas Administrativas;0;0;0;0;0;0;0;0;0;0;0;0;0;0;7195;8559;6364;;;;;;;
Mar_BR;Bertioga SEDUC 3151/2025 135/2025;Despesas Administrativas;;;;;;;;;;;;;;;;;;;;;;23141;12;
Mar_BR;Bertioga SEDUC 378/2024 54/2024;Despesas Administrativas;;;;;;;;;;;;;;;;;;;2308;3139;2317;;471;
Mar_BR;Bertioga SESAP 1390/2024 71/2024;Despesas Administrativas;;;;;;;;;;;;;;;;;;1466;2093;4515;4039;4935;2335;
Mar_BR;Capina Elétrica / MAM / Crestani / Zasso;Despesas Administrativas;;;;;;;;;;;;;;;;;;2600;3060;6601;76;232;5449;
Mar_BR;D.Z.M;Despesas Administrativas;;;;;;;;;;;;;;;;;;2382;49;343;;;1470;
Mar_BR;Eventuais B2G;Despesas Administrativas;;;;;;;;;;;;;;;;;;1253;;119;3641;;;
Mar_BR;Rede Alpha;Despesas Administrativas;;;;;;;;;;;;;;;;;;107;161;284;323;3;151;
Mar_BR;Rossi Advogados;Despesas Administrativas;;;;;;;;;;;;;;;;;;38;55;96;99;1;54;
Mar_BR;Santos STS SEDUC 36693/2022 12/2024;Despesas Administrativas;;;;;;;;;;;;;;;;;;21519;30494;59346;56277;64486;28955;
Mar_BR;São Paulo CMSP CSP 274/2024 03/2025;Despesas Administrativas;;;;;;;;;;;;;;;;;;2554;3656;6657;6068;7600;3415;
Mar_BR;São Paulo CREF4 PSP 2325/2025 93/2025;Despesas Administrativas;;;;;;;;;;;;;;;;;;;;;;37;;
Mar_BR;São Paulo CRSN PSP 6018/2025;Despesas Administrativas;;;;;;;;;;;;;;;;;;;;;;;1485;
Mar_BR;Ybox;Despesas Administrativas;;;;;;;;;;;;;;;;;;;74;;76;;;
Mar_BR;Oftalmo;Despesas com Pessoal;0;0;0;0;0;0;0;0;0;261;0;0;43;0;1;0;0;;;;;;;
Mar_BR;PG - 171;Despesas com Pessoal;35482;32205;36193;37228;36222;34094;45586;50456;40376;41118;34080;20451;0;0;0;0;0;;;;;;;
Mar_BR;PG - Chiller;Despesas com Pessoal;4696;6794;7879;7526;9652;3896;13583;8527;9056;9025;8102;2812;0;0;0;0;0;;;;;;;
Mar_BR;Rede Alpha;Despesas com Pessoal;0;0;0;0;0;0;0;0;0;0;0;0;274;274;274;274;274;;;;;;;
Mar_BR;Rossi Advogados;Despesas com Pessoal;0;0;0;0;0;0;0;0;0;0;0;0;96;96;96;96;96;;;;;;;
Mar_BR;São Paulo CMSP CSP 274/2024 03/2025;Despesas com Pessoal;0;0;0;0;0;0;0;0;0;0;0;0;0;0;14269;24633;19277;;;;;;;
Mar_BR;Bertioga SEDUC 3151/2025 135/2025;Despesas com Pessoal;;;;;;;;;;;;;;;;;;;;;;3970;;
Mar_BR;Bertioga SESAP 1390/2024 71/2024;Despesas com Pessoal;;;;;;;;;;;;;;;;;;710;163;263;314;827;115;
Mar_BR;Capina Elétrica / MAM / Crestani / Zasso;Despesas com Pessoal;;;;;;;;;;;;;;;;;;1259;238;439;;;387;
Mar_BR;Eventuais B2G;Despesas com Pessoal;;;;;;;;;;;;;;;;;;607;;;319;;;
Mar_BR;Rede Alpha;Despesas com Pessoal;;;;;;;;;;;;;;;;;;52;13;20;28;;9;
Mar_BR;Rossi Advogados;Despesas com Pessoal;;;;;;;;;;;;;;;;;;18;4;7;9;;3;
Mar_BR;Santos STS SEDUC 36693/2022 12/2024;Despesas com Pessoal;;;;;;;;;;;;;;;;;;10380;2369;3830;4585;10588;1789;
Mar_BR;São Paulo CMSP CSP 274/2024 03/2025;Despesas com Pessoal;;;;;;;;;;;;;;;;;;18323;28391;25483;31504;38696;33524;
Mar_BR;São Paulo CRSN PSP 6018/2025;Despesas com Pessoal;;;;;;;;;;;;;;;;;;;;;;338;931;
Mar_BR;Bertioga SEDUC 3151/2025 135/2025;Despesas de Vendas e Marketing;;;;;;;;;;;;;;;;;;;;;;184;;
Mar_BR;Bertioga SESAP 1390/2024 71/2024;Despesas de Vendas e Marketing;;;;;;;;;;;;;;;;;;9;18;24;18;38;52;
Mar_BR;Capina Elétrica / MAM / Crestani / Zasso;Despesas de Vendas e Marketing;;;;;;;;;;;;;;;;;;16;27;40;;;176;
Mar_BR;Eventuais B2G;Despesas de Vendas e Marketing;;;;;;;;;;;;;;;;;;8;;;18;;;
Mar_BR;Rede Alpha;Despesas de Vendas e Marketing;;;;;;;;;;;;;;;;;;1;1;2;2;;4;
Mar_BR;Rossi Advogados;Despesas de Vendas e Marketing;;;;;;;;;;;;;;;;;;0;0;1;0;;2;
Mar_BR;Santos STS SEDUC 36693/2022 12/2024;Despesas de Vendas e Marketing;;;;;;;;;;;;;;;;;;128;264;650;265;490;815;
Mar_BR;São Paulo CMSP CSP 274/2024 03/2025;Despesas de Vendas e Marketing;;;;;;;;;;;;;;;;;;13;30;38;29;54;89;
Mar_BR;São Paulo CRSN PSP 6018/2025;Despesas de Vendas e Marketing;;;;;;;;;;;;;;;;;;;;;;;42;
Mar_BR;Bertioga SEDUC 3151/2025 135/2025;Despesas Financeiras;;;;;;;;;;;;;;;;;;;;;;1931;5;
Mar_BR;Bertioga SEDUC 378/2024 54/2024;Despesas Financeiras;;;;;;;;;;;;;;;;;;;4;1;;;;
Mar_BR;Bertioga SESAP 1390/2024 71/2024;Despesas Financeiras;;;;;;;;;;;;;;;;;;539;442;572;471;438;385;
Mar_BR;Capina Elétrica / MAM / Crestani / Zasso;Despesas Financeiras;;;;;;;;;;;;;;;;;;936;648;957;40;41;1293;
Mar_BR;Eventuais B2G;Despesas Financeiras;;;;;;;;;;;;;;;;;;441;;;442;;;
Mar_BR;Rede Alpha;Despesas Financeiras;;;;;;;;;;;;;;;;;;37;38;43;41;2;45;
Mar_BR;Rossi Advogados;Despesas Financeiras;;;;;;;;;;;;;;;;;;13;11;17;13;1;13;
Mar_BR;Santos STS SEDUC 36693/2022 12/2024;Despesas Financeiras;;;;;;;;;;;;;;;;;;7732;6575;8346;6719;5470;6005;
Mar_BR;São Paulo CMSP CSP 274/2024 03/2025;Despesas Financeiras;;;;;;;;;;;;;;;;;;771;732;918;717;583;694;
Mar_BR;São Paulo CREF4 PSP 2325/2025 93/2025;Despesas Financeiras;;;;;;;;;;;;;;;;;;;;;;;170;
Mar_BR;São Paulo CRSN PSP 6018/2025;Despesas Financeiras;;;;;;;;;;;;;;;;;;;;;;231;307;
Mar_BR;Ybox;Despesas Financeiras;;;;;;;;;;;;;;;;;;;1;14;;;;
Mar_BR;Bertioga SEDUC 3151/2025 135/2025;Despesas Variáveis;;;;;;;;;;;;;;;;;;;;;;1350;;
Mar_BR;Bertioga SEDUC 378/2024 54/2024;Despesas Variáveis;;;;;;;;;;;;;;;;;;;;;;;5;
Mar_BR;Bertioga SESAP 1390/2024 71/2024;Despesas Variáveis;;;;;;;;;;;;;;;;;;42;204;73;132;281;1002;
Mar_BR;Capina Elétrica / MAM / Crestani / Zasso;Despesas Variáveis;;;;;;;;;;;;;;;;;;7;298;122;;;2945;
Mar_BR;Eventuais B2G;Despesas Variáveis;;;;;;;;;;;;;;;;;;37;;;134;;;
Mar_BR;Rede Alpha;Despesas Variáveis;;;;;;;;;;;;;;;;;;0;16;6;12;;68;
Mar_BR;Rossi Advogados;Despesas Variáveis;;;;;;;;;;;;;;;;;;0;5;2;4;;25;
Mar_BR;Santos STS SEDUC 36693/2022 12/2024;Despesas Variáveis;;;;;;;;;;;;;;;;;;561;2968;1062;1922;3599;15409;
Mar_BR;São Paulo CMSP CSP 274/2024 03/2025;Despesas Variáveis;;;;;;;;;;;;;;;;;;58;332;116;407;394;1655;
Mar_BR;São Paulo CRSN PSP 6018/2025;Despesas Variáveis;;;;;;;;;;;;;;;;;;;;;;;676;
Mar_BR;Mar Brasil - Rateio;Distribuição de Dividendos;;;;;;;;;;;;;;;;40000;;;;;;;;
Mar_BR;Bertioga SEDUC 378/2024 54/2024;Equipamentos;;;;;;;615;615;615;615;615;615;615;615;615;615;615;615;615;615;615;615;615;
Mar_BR;Bertioga 3151;Equipamentos;;;;;;;;;;;;;;;;;;;;;;;;639
Mar_BR;Bertioga SESAP 1390/2024 71/2024;Equipamentos;;;;;;;;;;;245;245;245;245;245;245;245;245;245;245;245;245;245;
Mar_BR;Oftalmo;Equipamentos;12;12;12;12;12;12;12;12;12;12;12;12;12;12;12;12;;;;;;;;
Mar_BR;PG - 171;Equipamentos;1820;1820;1820;1820;1820;1820;1820;1820;1820;1820;1820;;;;;;;;;;;;;
Mar_BR;PG - Chiller;Equipamentos;301;301;301;301;301;301;301;301;301;301;301;301;;;;;;;;;;;;
Mar_BR;Rede Alpha;Equipamentos;27;27;27;27;27;27;27;27;24;24;24;24;18;18;18;18;18;18;18;18;18;18;18;24
Mar_BR;Rossi Advogados;Equipamentos;;;;5;5;5;5;5;5;5;5;5;5;5;5;5;5;5;5;5;5;5;5;5
Mar_BR;Santos STS Seduc 36693/2022 12/2024;Equipamentos;;1904;1904;1904;1904;1904;1904;1904;1904;1904;1904;1904;1904;1904;2284;2284;2284;2284;2284;2284;2284;2284;2284;2284
Mar_BR;São Paulo CMSP CSP 274/2024 03/2025;Equipamentos;;;;;;;;;;;;;;;408;408;408;408;408;408;408;408;408;381
Mar_BR;Ybox-MarBR;Honorários;6952;5904;5976;5976;5906;5906;8838;2975;5404;2975;3051;8666;3051;5644;5618;5644;5644;5966;3634;7260;3545;3545;;
Mar_BR;Bertioga SEDUC 378/2024 54/2024;Impostos;0;0;0;0;0;0;0;0;0;6777;6840;6782;27122;1497;0;0;5545;;;;;;;
Mar_BR;Bertioga SESAP 1390/2024 71/2024;Impostos;0;0;0;0;0;0;0;0;0;0;0;3616;3616;3851;3616;3616;2668;;;;;;;
Mar_BR;Capina Elétrica / MAM / Crestani / Zasso;Impostos;8577;15621;10445;0;0;543;26037;12503;462;0;0;136;109;4000;104;1904;1930;;;;;;;
Mar_BR;Oftalmo;Impostos;2068;1632;1680;960;960;1220;1653;1653;1220;1653;1653;1220;1220;1220;1220;1337;0;;;;;;;
Mar_BR;PG - 171;Impostos;23687;22093;22784;15250;10103;14153;14153;14129;14137;1429;165;0;0;0;0;0;0;;;;;;;
Mar_BR;PG - Chiller;Impostos;8011;6479;2310;1748;1020;1488;1488;1488;1488;1488;1488;1488;0;0;0;0;0;;;;;;;
Mar_BR;Rede Alpha;Impostos;0;0;0;0;0;0;227;227;202;202;251;153;166;1006;151;151;151;;;;;;;
Mar_BR;Rossi Advogados;Impostos;0;0;0;25,27;53;53;53;53;53;53;53;0;29;67;67;67;67;;;;;;;
Mar_BR;Santos STS Seduc 36693/2022 12/2024;Impostos;0;0;70589;51647;51677;43992;43992;43992;43992;43992;43992;43992;43992;43992;52772;52772;52772;;;;;;;
Mar_BR;São Paulo CMSP CSP 274/2024 03/2025;Impostos;0;0;0;0;0;0;0;0;0;0;0;0;0;0;3710;5229;5705;;;;;;;
Mar_BR;Bertioga SEDUC 3151/2025 135/2025;Impostos;;;;;;;;;;;;;;;;;;;;;;5947;;
Mar_BR;Bertioga SESAP 1390/2024 71/2024;Impostos;;;;;;;;;;;;;;;;;;3607;3632;3627;3557;3384;3186;
Mar_BR;Capina Elétrica / MAM / Crestani / Zasso;Impostos;;;;;;;;;;;;;;;;;;2263;1708;1946;;570;3992;
Mar_BR;Eventuais B2G;Impostos;;;;;;;;;;;;;;;;;;5829;;;3940;;;
Mar_BR;Rede Alpha;Impostos;;;;;;;;;;;;;;;;;;152;163;163;202;116;213;
Mar_BR;Rossi Advogados;Impostos;;;;;;;;;;;;;;;;;;92;97;97;96;66;101;
Mar_BR;Santos STS SEDUC 36693/2022 12/2024;Impostos;;;;;;;;;;;;;;;;;;52677;52976;52914;51908;51781;54406;
Mar_BR;São Paulo CMSP CSP 274/2024 03/2025;Impostos;;;;;;;;;;;;;;;;;;9958;10840;10784;10675;10668;10946;
Mar_BR;São Paulo CRSN PSP 6018/2025;Impostos;;;;;;;;;;;;;;;;;;;;;;;5182;
Mar_BR;Bertioga SESAP 1390/2024 71/2024;Outras Receitas;;;;;;;;;;;;;;;;;;115;175;466;22;;0;
Mar_BR;Capina Elétrica / MAM / Crestani / Zasso;Outras Receitas;;;;;;;;;;;;;;;;;;175;182;780;37;;0;
Mar_BR;Eventuais B2B;Outras Receitas;;;;;;;;;;;;;;;;;;36;;0;0;;0;
Mar_BR;Eventuais B2G;Outras Receitas;;;;;;;;;;;;;;;;;;37;;;;;;
Mar_BR;Rede Alpha;Outras Receitas;;;;;;;;;;;;;;;;;;;16;;;;;
Mar_BR;Rossi Advogados;Outras Receitas;;;;;;;;;;;;;;;;;;;5;;;;;
Mar_BR;Santos STS SEDUC 36693/2022 12/2024;Outras Receitas;;;;;;;;;;;;;;;;;;1529;2486;6796;325;;0;
Mar_BR;São Paulo CMSP CSP 274/2024 03/2025;Outras Receitas;;;;;;;;;;;;;;;;;;162;337;759;36;;184;
Mar_BR;Bertioga SEDUC 3151/2025 135/2025;Outros Custos;;;;;;;;;;;;;;;;;;;;;;5712;120;
Mar_BR;Bertioga SEDUC 378/2024 54/2024;Outros Custos;;;;;;;;;;;;;;;;;;;;410;111;;;
Mar_BR;Bertioga SESAP 1390/2024 71/2024;Outros Custos;;;;;;;;;;;;;;;;;;439;1086;554;682;1204;542;
Mar_BR;Capina Elétrica / MAM / Crestani / Zasso;Outros Custos;;;;;;;;;;;;;;;;;;780;1307;926;267;22;298;
Mar_BR;D.Z.M;Outros Custos;;;;;;;;;;;;;;;;;;;619;;118;;;
Mar_BR;Eventuais B2G;Outros Custos;;;;;;;;;;;;;;;;;;376;;;519;;;
Mar_BR;Locação Oftalmológico 14/2021 033/2021;Outros Custos;;;;;;;;;;;;;;;;;;565;565;;565;;;
Mar_BR;Rede Alpha;Outros Custos;;;;;;;;;;;;;;;;;;32;69;43;46;;35;
Mar_BR;Rossi Advogados;Outros Custos;;;;;;;;;;;;;;;;;;11;24;15;14;;12;
Mar_BR;Santos STS SEDUC 36693/2022 12/2024;Outros Custos;;;;;;;;;;;;;;;;;;6429;13245;8080;11093;17206;6598;
Mar_BR;São Paulo CMSP CSP 274/2024 03/2025;Outros Custos;;;;;;;;;;;;;;;;;;635;1457;939;1128;2725;1046;
Mar_BR;São Paulo CREF4 PSP 2325/2025 93/2025;Outros Custos;;;;;;;;;;;;;;;;;;;;;;119;;
Mar_BR;São Paulo CRSN PSP 6018/2025;Outros Custos;;;;;;;;;;;;;;;;;;;;;;;340;
Mar_BR;Bertioga SESAP 1390/2024 71/2024;Outros Tributos;;;;;;;;;;;;;;;;;;;;14;;;;
Mar_BR;Capina Elétrica / MAM / Crestani / Zasso;Outros Tributos;;;;;;;;;;;;;;;;;;;;23;;;;
Mar_BR;Rede Alpha;Outros Tributos;;;;;;;;;;;;;;;;;;;;1;;;;
Mar_BR;Rossi Advogados;Outros Tributos;;;;;;;;;;;;;;;;;;;;0;;;;
Mar_BR;Santos STS SEDUC 36693/2022 12/2024;Outros Tributos;;;;;;;;;;;;;;;;;;;;200;;;;
Mar_BR;São Paulo CMSP CSP 274/2024 03/2025;Outros Tributos;;;;;;;;;;;;;;;;;;;;22;;;;
Mar_BR;Capina Elétrica / MAM / Crestani / Zasso;Preventiva - B2B;0;0;0;0;0;0;67;0;5;0;0;0;0;0;0;0;25;;;;;;;
Mar_BR;Bertioga SEDUC 378/2024 54/2024;Preventiva - B2G;0;0;0;0;0;0;0;0;0;0;27;1407;1206;1326;1025;112;25;;;;;;;
Mar_BR;Bertioga SESAP 1390/2024 71/2024;Preventiva - B2G;0;0;0;0;0;0;0;0;0;0;0;66;1701;264;459;49;480;;;;;;;
Mar_BR;Oftalmo;Preventiva - B2G;0;1;0;18;12;1;7;0;1;8;7;16;220;111;213;25;0;;;;;;;
Mar_BR;Santos STS Seduc 36693/2022 12/2024;Preventiva - B2G;0;34;0;421;747;116;894;377;230;208;174;423;5977;4036;5724;697;1830;;;;;;;
Mar_BR;São Paulo CMSP CSP 274/2024 03/2025;Preventiva - B2G;0;0;0;0;0;0;0;0;0;0;0;0;0;0;70;49;22;;;;;;;
Mar_BR;Bertioga SEDUC 3151/2025 135/2025;Preventiva - B2G;;;;;;;;;;;;;;;;;;;;;;738;46;
Mar_BR;Bertioga SEDUC 378/2024 54/2024;Preventiva - B2G;;;;;;;;;;;;;;;;;;;;;110;;;
Mar_BR;Bertioga SESAP 1390/2024 71/2024;Preventiva - B2G;;;;;;;;;;;;;;;;;;20;139;289;250;266;56;
Mar_BR;Capina Elétrica / MAM / Crestani / Zasso;Preventiva - B2G;;;;;;;;;;;;;;;;;;;204;484;;;;
Mar_BR;Eventuais B2G;Preventiva - B2G;;;;;;;;;;;;;;;;;;18;;;254;;;
Mar_BR;Rede Alpha;Preventiva - B2G;;;;;;;;;;;;;;;;;;;11;22;22;4;3;
Mar_BR;Rossi Advogados;Preventiva - B2G;;;;;;;;;;;;;;;;;;;4;8;7;1;1;
Mar_BR;Santos STS SEDUC 36693/2022 12/2024;Preventiva - B2G;;;;;;;;;;;;;;;;;;270;2247;4434;3654;2644;879;
Mar_BR;São Paulo CMSP CSP 274/2024 03/2025;Preventiva - B2G;;;;;;;;;;;;;;;;;;1828;227;459;398;1143;96;
Mar_BR;São Paulo CRSN PSP 6018/2025;Preventiva - B2G;;;;;;;;;;;;;;;;;;;;;;;45;
Mar_BR;Bertioga SEDUC 378/2024 54/2024;Provisão - IRPJ e CSSL Trimestral;0;0;0;0;0;0;0;0;0;3377;3409;3444;13772;733;0;0;2798;;;;;;;
Mar_BR;Bertioga SESAP 1390/2024 71/2024;Provisão - IRPJ e CSSL Trimestral;0;0;0;0;0;0;0;0;0;0;0;1836;1815;1815;1804;1824;1819;;;;;;;
Mar_BR;Capina Elétrica / MAM / Crestani / Zasso;Provisão - IRPJ e CSSL Trimestral;0;0;0;0;0;0;0;0;0;0;0;398;312;9536;299;5517;5584;;;;;;;
Mar_BR;Oftalmo;Provisão - IRPJ e CSSL Trimestral;0;0;0;825;824;824;838;831;824;824;824;839;810;830;825;333;0;;;;;3460;;
Mar_BR;Eventuais B2G;Provisão - IRPJ e CSSL Trimestral;0;0;0;8459;7057;7062;7179;7107;7051;7044;0;0;0;0;0;0;0;;;;;;;
Mar_BR;PG - 171;Provisão - IRPJ e CSSL Trimestral;0;0;0;8459;7057;7062;7179;7107;7051;7044;0;0;0;0;0;0;0;;;;;;;
Mar_BR;PG - Chiller;Provisão - IRPJ e CSSL Trimestral;0;0;0;743;742;743;755;748;742;742;741;755;0;0;0;0;0;;;;;;;
Mar_BR;Rede Alpha;Provisão - IRPJ e CSSL Trimestral;0;0;0;0;0;0;362;359;319;319;396;245;261;1846;239;241;240;;;;;;;
Mar_BR;Rossi Advogados;Provisão - IRPJ e CSSL Trimestral;0;0;0;40;84;84;84;84;84;84;84;0;83;45;45;46;46;;;;;;;
Mar_BR;Santos STS Seduc 36693/2022 12/2024;Provisão - IRPJ e CSSL Trimestral;0;0;0;22430;21935;21964;22315;22129;21942;21934;21924;22339;21553;22085;26332;26628;26548;;;;;;;
Mar_BR;São Paulo CMSP CSP 274/2024 03/2025;Provisão - IRPJ e CSSL Trimestral;0;0;0;0;0;0;0;0;0;0;0;0;0;0;1851;2638;2870;;;;;;;
Mar_BR;Bertioga SEDUC 3151/2025 135/2025;Provisão - IRPJ e CSSL Trimestral;0;0;0;0;0;0;0;0;0;0;0;1836;1815;1815;1804;1824;1819;;;;;;;
Mar_BR;Bertioga SEDUC 3151/2025 135/2025;Provisão - IRPJ e CSSL Trimestral;;;;;;;;;;;;;;;;;;;;;;9903;;
Mar_BR;Bertioga SESAP 1390/2024 71/2024;Provisão - IRPJ e CSSL Trimestral;;;;;;;;;;;;;;;;;;1574;1683;1653;1729;1833;1704;
Mar_BR;Capina Elétrica / MAM / Crestani / Zasso;Provisão - IRPJ e CSSL Trimestral;;;;;;;;;;;;;;;;;;8694;7335;8342;;4916;10549;
Mar_BR;Eventuais B2G;Provisão - IRPJ e CSSL Trimestral;;;;;;;;;;;;;;;;;;1347;;;3605;;;
Mar_BR;Rede Alpha;Provisão - IRPJ e CSSL Trimestral;;;;;;;;;;;;;;;;;;115;129;128;155;343;257;
Mar_BR;Rossi Advogados;Provisão - IRPJ e CSSL Trimestral;;;;;;;;;;;;;;;;;;41;44;44;48;49;49;
Mar_BR;Santos STS SEDUC 36693/2022 12/2024;Provisão - IRPJ e CSSL Trimestral;;;;;;;;;;;;;;;;;;23030;24512;26334;25238;26750;26641;
Mar_BR;São Paulo CMSP CSP 274/2024 03/2025;Provisão - IRPJ e CSSL Trimestral;;;;;;;;;;;;;;;;;;2276;2740;2624;2749;2914;2952;
Mar_BR;São Paulo CRSN PSP 6018/2025;Provisão - IRPJ e CSSL Trimestral;;;;;;;;;;;;;;;;;;;;;;;1374;
Mar_BR;Bertioga SEDUC 378/2024 54/2024;Receita Bruta de Vendas;0;0;0;0;0;0;0;0;0;59190;1488;59240;236878;13080;0;0;48432;;;;;;;
Mar_BR;Bertioga SESAP 1390/2024 71/2024;Receita Bruta de Vendas;0;0;0;0;0;0;0;0;0;0;0;38947;35344;38026;31583;31583;31583;;;;;;;
Mar_BR;Capina Elétrica / MAM / Crestani / Zasso;Receita Bruta de Vendas;57500;57500;80583;0;0;2828;138349;45242;95092;0;0;3750;3000;90410;2850;52166;52886;;;;;;;
Mar_BR;Santos STS SEDUC 36693/2022 12/2024;Receita Bruta de Vendas;0;0;384217;384217;384217;384217;384217;384217;384217;384217;384217;384217;384217;384217;460899;460899;460899;;;;;;;
Mar_BR;São Paulo CMSP CSP 274/2024 03/2025;Receita Bruta de Vendas;0;0;0;0;0;0;0;0;0;0;0;0;0;0;32409;45673;49831;;;;;;;
Mar_BR;Oftalmo;Receita Bruta de Vendas;14441;14441;14441;14441;14441;14441;14441;14441;14441;14441;14441;14441;14441;14441;14441;5776;0;;;;;;;
Mar_BR;Rede Alpha;Receita Bruta de Vendas;0;0;0;0;0;0;3420;3420;3040;3040;3775;2312;2508;17509;2280;2280;2280;;;;;;;
Mar_BR;Rossi Advogados;Receita Bruta de Vendas;0;0;0;380;800;800;800;800;800;800;800;0;800;800;800;800;800;;;;;;;
Mar_BR;PG - 171;Receita Bruta de Vendas;120824;126028;125760;136335;123608;123538;123608;123398;123468;123398;0;0;0;0;0;0;0;;;;;;;
Mar_BR;PG - Chiller;Receita Bruta de Vendas;40069;38143;13000;13000;13000;13000;13000;13000;13000;13000;13000;13000;0;0;0;0;0;0;0;0;0;0;;
Mar_BR;Bertioga SEDUC 3151/2025 135/2025;Receita Bruta de Vendas;;;;;;;;;;;;;;;;;;;;;;170636;;
Mar_BR;Bertioga SESAP 1390/2024 71/2024;Receita Bruta de Vendas;;;;;;;;;;;;;;;;;;31583;31583;31583;31583;31583;29478;
Mar_BR;Capina Elétrica / MAM / Crestani / Zasso;Receita Bruta de Vendas;;;;;;;;;;;;;;;;;;55886;46259;52879;39170;46745;99701;
Mar_BR;Eventuais B2G;Receita Bruta de Vendas;;;;;;;;;;;;;;;;;;26948;;;32058;;;
Mar_BR;Rede Alpha;Receita Bruta de Vendas;;;;;;;;;;;;;;;;;;2280;2425;2425;2830;3234;2425;
Mar_BR;Rossi Advogados;Receita Bruta de Vendas;;;;;;;;;;;;;;;;;;800;850;850;850;850;850;
Mar_BR;Santos STS SEDUC 36693/2022 12/2024;Receita Bruta de Vendas;;;;;;;;;;;;;;;;;;460899;460899;460899;460899;460899;460899;
Mar_BR;São Paulo CMSP CSP 274/2024 03/2025;Receita Bruta de Vendas;;;;;;;;;;;;;;;;;;46658;50207;50207;50207;50207;50207;
Mar_BR;São Paulo CRSN PSP 6018/2025;Receita Bruta de Vendas;;;;;;;;;;;;;;;;;;;;;;;23768;
Mar_BR;Bertioga SEDUC 3151/2025 135/2025;Receitas Financeiras;;;;;;;;;;;;;;;;;;;;;;;30;
Mar_BR;Bertioga SESAP 1390/2024 71/2024;Receitas Financeiras;;;;;;;;;;;;;;;;;;73;5;1;0;0;7;
Mar_BR;Capina Elétrica / MAM / Crestani / Zasso;Receitas Financeiras;;;;;;;;;;;;;;;;;;228;7;1;0;0;1;
Mar_BR;Eventuais B2G;Receitas Financeiras;;;;;;;;;;;;;;;;;;58;;;;;;
Mar_BR;Rede Alpha;Receitas Financeiras;;;;;;;;;;;;;;;;;;5;0;0;0;0;0;
Mar_BR;Rossi Advogados;Receitas Financeiras;;;;;;;;;;;;;;;;;;21;0;0;0;0;0;
Mar_BR;Santos STS SEDUC 36693/2022 12/2024;Receitas Financeiras;;;;;;;;;;;;;;;;;;1222;72;6;3;4;85;
Mar_BR;São Paulo CMSP CSP 274/2024 03/2025;Receitas Financeiras;;;;;;;;;;;;;;;;;;105;8;1;0;0;9;
Mar_BR;Bertioga SESAP 1390/2024 71/2024;Serviços;;;;;;;;;;;;;;;;;;3;;305;;;3;
Mar_BR;Capina Elétrica / MAM / Crestani / Zasso;Serviços;;;;;;;;;;;;;;;;;;4;;510;;;4;
Mar_BR;Eventuais B2G;Serviços;;;;;;;;;;;;;;;;;;2;;;;;;
Mar_BR;Rede Alpha;Serviços;;;;;;;;;;;;;;;;;;;;23;;;;
Mar_BR;Rossi Advogados;Serviços;;;;;;;;;;;;;;;;;;;;8;;;;
Mar_BR;Santos STS SEDUC 36693/2022 12/2024;Serviços;;;;;;;;;;;;;;;;;;37;;4448;;;39;
Mar_BR;São Paulo CMSP CSP 274/2024 03/2025;Serviços;;;;;;;;;;;;;;;;;;4;;484;;;4;
Mar_BR;Bertioga SEDUC 3151/2025 135/2025;Terceirização de Mão de Obra;;;;;;;;;;;;;;;;;;;;;;12894;;
Mar_BR;Bertioga SEDUC 378/2024 54/2024;Terceirização de Mão de Obra;;;;;;;;;;;;;;;;;;912;742;1306;;;;
Mar_BR;Bertioga SESAP 1390/2024 71/2024;Terceirização de Mão de Obra;;;;;;;;;;;;;;;;;;7117;6829;5668;8924;2686;3274;
Mar_BR;Eventuais B2G;Terceirização de Mão de Obra;;;;;;;;;;;;;;;;;;1123;1234;864;864;;;
Mar_BR;Rede Alpha;Terceirização de Mão de Obra;;;;;;;;;;;;;;;;;;96;106;0;74;;;
Mar_BR;Rossi Advogados;Terceirização de Mão de Obra;;;;;;;;;;;;;;;;;;34;37;0;26;;;
Mar_BR;Santos STS SEDUC 36693/2022 12/2024;Terceirização de Mão de Obra;;;;;;;;;;;;;;;;;;34947;40780;47253;41740;34385;51202;
Mar_BR;São Paulo CMSP CSP 274/2024 03/2025;Terceirização de Mão de Obra;;;;;;;;;;;;;;;;;;;;;;3761;;
