empresa_id;empresa_nome;codigo_lancamento_omie;competencia;issue_type;issue_description
8w7sxfya;Mar Brasil;7674514638;13/06/2025;projeto_ausente;Projeto ausente
8w7sxfya;Mar Brasil;7687219638;16/06/2025;projeto_ausente;Projeto ausente
8w7sxfya;Mar Brasil;7687277619;13/06/2025;projeto_ausente;Projeto ausente
8w7sxfya;Mar Brasil;7688765885;16/06/2025;projeto_ausente;Projeto ausente
8w7sxfya;Mar Brasil;7692146313;18/06/2025;projeto_ausente;Projeto ausente
8w7sxfya;Mar Brasil;7692154778;18/06/2025;projeto_ausente;Projeto ausente
8w7sxfya;Mar Brasil;7692156800;18/06/2025;projeto_ausente;Projeto ausente
8w7sxfya;Mar Brasil;7694203801;24/06/2025;projeto_ausente;Projeto ausente
8w7sxfya;Mar Brasil;7701544734;04/07/2025;sem_rateio_departamento;Sem rateio
8w7sxfya;Mar Brasil;7701902514;10/03/2026;sem_rateio_departamento;Sem rateio
8w7sxfya;Mar Brasil;7708557144;14/07/2025;projeto_ausente;Projeto ausente
8w7sxfya;Mar Brasil;7708559491;14/07/2025;projeto_ausente;Projeto ausente
8w7sxfya;Mar Brasil;7708566196;14/07/2025;projeto_ausente;Projeto ausente
8w7sxfya;Mar Brasil;7711082499;16/07/2025;projeto_ausente;Projeto ausente
8w7sxfya;Mar Brasil;7711366793;17/07/2025;projeto_ausente;Projeto ausente
8w7sxfya;Mar Brasil;7711371097;17/07/2025;projeto_ausente;Projeto ausente
8w7sxfya;Mar Brasil;7711414839;16/07/2025;projeto_ausente;Projeto ausente
8w7sxfya;Mar Brasil;7711426554;15/07/2025;projeto_ausente;Projeto ausente
8w7sxfya;Mar Brasil;7711526826;10/11/2025;sem_rateio_departamento;Sem rateio
8w7sxfya;Mar Brasil;7711530179;02/10/2025;projeto_ausente;Projeto ausente
8w7sxfya;Mar Brasil;7713210918;03/07/2025;projeto_ausente;Projeto ausente
8w7sxfya;Mar Brasil;7713210918;03/07/2025;sem_rateio_departamento;Sem rateio
8w7sxfya;Mar Brasil;7716799520;24/07/2025;projeto_ausente;Projeto ausente
8w7sxfya;Mar Brasil;7723032671;30/07/2025;projeto_ausente;Projeto ausente
8w7sxfya;Mar Brasil;7737197687;12/08/2025;projeto_ausente;Projeto ausente
8w7sxfya;Mar Brasil;7743856295;19/08/2025;projeto_ausente;Projeto ausente
8w7sxfya;Mar Brasil;7748370601;01/03/2026;sem_rateio_departamento;Sem rateio
8w7sxfya;Mar Brasil;7748376121;31/03/2026;sem_rateio_departamento;Sem rateio
8w7sxfya;Mar Brasil;7748378650;31/03/2026;sem_rateio_departamento;Sem rateio
8w7sxfya;Mar Brasil;7749201054;25/08/2025;projeto_ausente;Projeto ausente
8w7sxfya;Mar Brasil;7753446279;26/08/2025;projeto_ausente;Projeto ausente
8w7sxfya;Mar Brasil;7765161452;03/09/2025;projeto_ausente;Projeto ausente
8w7sxfya;Mar Brasil;7772771615;30/09/2025;projeto_ausente;Projeto ausente
8w7sxfya;Mar Brasil;7772771615;30/09/2025;sem_rateio_departamento;Sem rateio
8w7sxfya;Mar Brasil;7772771632;30/09/2025;projeto_ausente;Projeto ausente
8w7sxfya;Mar Brasil;7772771632;30/09/2025;sem_rateio_departamento;Sem rateio
8w7sxfya;Mar Brasil;7772771647;30/09/2025;projeto_ausente;Projeto ausente
8w7sxfya;Mar Brasil;7772771647;30/09/2025;sem_rateio_departamento;Sem rateio
8w7sxfya;Mar Brasil;7772771660;30/09/2025;projeto_ausente;Projeto ausente
8w7sxfya;Mar Brasil;7772771660;30/09/2025;sem_rateio_departamento;Sem rateio
8w7sxfya;Mar Brasil;7772771672;30/09/2025;projeto_ausente;Projeto ausente
8w7sxfya;Mar Brasil;7772771672;30/09/2025;sem_rateio_departamento;Sem rateio
8w7sxfya;Mar Brasil;7772771689;30/09/2025;projeto_ausente;Projeto ausente
8w7sxfya;Mar Brasil;7772771689;30/09/2025;sem_rateio_departamento;Sem rateio
8w7sxfya;Mar Brasil;7772771703;30/09/2025;projeto_ausente;Projeto ausente
8w7sxfya;Mar Brasil;7772771703;30/09/2025;sem_rateio_departamento;Sem rateio
8w7sxfya;Mar Brasil;7772771711;30/09/2025;projeto_ausente;Projeto ausente
8w7sxfya;Mar Brasil;7772771711;30/09/2025;sem_rateio_departamento;Sem rateio
8w7sxfya;Mar Brasil;7772771724;30/09/2025;projeto_ausente;Projeto ausente
8w7sxfya;Mar Brasil;7772771724;30/09/2025;sem_rateio_departamento;Sem rateio
8w7sxfya;Mar Brasil;7772771746;30/09/2025;projeto_ausente;Projeto ausente
8w7sxfya;Mar Brasil;7772771746;30/09/2025;sem_rateio_departamento;Sem rateio
8w7sxfya;Mar Brasil;7778234795;17/09/2025;projeto_ausente;Projeto ausente
8w7sxfya;Mar Brasil;7778236677;17/09/2025;projeto_ausente;Projeto ausente
8w7sxfya;Mar Brasil;7779744222;18/09/2025;projeto_ausente;Projeto ausente
8w7sxfya;Mar Brasil;7779767462;18/09/2025;projeto_ausente;Projeto ausente
8w7sxfya;Mar Brasil;7781527941;22/09/2025;projeto_ausente;Projeto ausente
8w7sxfya;Mar Brasil;7785414255;24/09/2025;projeto_ausente;Projeto ausente
8w7sxfya;Mar Brasil;7785473309;24/09/2025;projeto_ausente;Projeto ausente
8w7sxfya;Mar Brasil;7785513204;22/09/2025;projeto_ausente;Projeto ausente
8w7sxfya;Mar Brasil;7785554503;24/09/2025;projeto_ausente;Projeto ausente
8w7sxfya;Mar Brasil;7785660003;22/09/2025;projeto_ausente;Projeto ausente
8w7sxfya;Mar Brasil;7785664845;24/09/2025;projeto_ausente;Projeto ausente
8w7sxfya;Mar Brasil;7785671863;24/09/2025;projeto_ausente;Projeto ausente
8w7sxfya;Mar Brasil;7787051129;25/09/2025;projeto_ausente;Projeto ausente
8w7sxfya;Mar Brasil;7787062951;25/09/2025;projeto_ausente;Projeto ausente
8w7sxfya;Mar Brasil;7787082597;25/09/2025;projeto_ausente;Projeto ausente
8w7sxfya;Mar Brasil;7787105565;25/09/2025;projeto_ausente;Projeto ausente
8w7sxfya;Mar Brasil;7787115993;24/09/2025;projeto_ausente;Projeto ausente
8w7sxfya;Mar Brasil;7787145515;25/09/2025;projeto_ausente;Projeto ausente
8w7sxfya;Mar Brasil;7787154325;23/09/2025;projeto_ausente;Projeto ausente
8w7sxfya;Mar Brasil;7787188162;25/09/2025;projeto_ausente;Projeto ausente
8w7sxfya;Mar Brasil;7788441081;25/09/2025;projeto_ausente;Projeto ausente
8w7sxfya;Mar Brasil;7788447764;25/09/2025;projeto_ausente;Projeto ausente
8w7sxfya;Mar Brasil;7789855501;28/09/2025;projeto_ausente;Projeto ausente
8w7sxfya;Mar Brasil;7789856589;25/09/2025;projeto_ausente;Projeto ausente
8w7sxfya;Mar Brasil;7791412766;29/09/2025;projeto_ausente;Projeto ausente
8w7sxfya;Mar Brasil;7797396985;07/10/2025;projeto_ausente;Projeto ausente
8w7sxfya;Mar Brasil;7797396985;07/10/2025;sem_rateio_departamento;Sem rateio
8w7sxfya;Mar Brasil;7812426691;21/10/2025;projeto_ausente;Projeto ausente
8w7sxfya;Mar Brasil;7817797482;25/10/2025;projeto_ausente;Projeto ausente
8w7sxfya;Mar Brasil;7818002627;17/10/2025;projeto_ausente;Projeto ausente
8w7sxfya;Mar Brasil;7825579904;01/11/2025;projeto_ausente;Projeto ausente
8w7sxfya;Mar Brasil;7849226629;10/11/2025;sem_rateio_departamento;Sem rateio
8w7sxfya;Mar Brasil;7850362986;12/11/2025;projeto_ausente;Projeto ausente
8w7sxfya;Mar Brasil;7854734726;01/12/2025;sem_rateio_departamento;Sem rateio
8w7sxfya;Mar Brasil;7854734729;01/12/2025;sem_rateio_departamento;Sem rateio
8w7sxfya;Mar Brasil;7857931323;26/11/2025;categoria_ausente;Categoria ausente
8w7sxfya;Mar Brasil;7871744878;10/03/2026;sem_rateio_departamento;Sem rateio
8w7sxfya;Mar Brasil;7872639553;08/12/2025;projeto_ausente;Projeto ausente
8w7sxfya;Mar Brasil;7876484080;31/03/2026;sem_rateio_departamento;Sem rateio
8w7sxfya;Mar Brasil;7876484951;31/03/2026;sem_rateio_departamento;Sem rateio
8w7sxfya;Mar Brasil;7876500862;31/03/2026;sem_rateio_departamento;Sem rateio
8w7sxfya;Mar Brasil;7876502052;31/03/2026;sem_rateio_departamento;Sem rateio
8w7sxfya;Mar Brasil;7876513632;31/03/2026;sem_rateio_departamento;Sem rateio
8w7sxfya;Mar Brasil;7876514634;31/03/2026;sem_rateio_departamento;Sem rateio
8w7sxfya;Mar Brasil;7876518876;31/03/2026;sem_rateio_departamento;Sem rateio
8w7sxfya;Mar Brasil;7876518879;31/03/2026;sem_rateio_departamento;Sem rateio
8w7sxfya;Mar Brasil;7876520660;28/02/2026;sem_rateio_departamento;Sem rateio
8w7sxfya;Mar Brasil;7876529791;31/03/2026;sem_rateio_departamento;Sem rateio
8w7sxfya;Mar Brasil;7876541227;31/03/2026;sem_rateio_departamento;Sem rateio
8w7sxfya;Mar Brasil;7876542207;28/02/2026;sem_rateio_departamento;Sem rateio
8w7sxfya;Mar Brasil;7876545057;31/03/2026;sem_rateio_departamento;Sem rateio
8w7sxfya;Mar Brasil;7880857614;31/03/2026;sem_rateio_departamento;Sem rateio
8w7sxfya;Mar Brasil;7880863972;31/03/2026;sem_rateio_departamento;Sem rateio
8w7sxfya;Mar Brasil;7881009931;20/03/2026;sem_rateio_departamento;Sem rateio
8w7sxfya;Mar Brasil;7881024478;26/03/2026;sem_rateio_departamento;Sem rateio
8w7sxfya;Mar Brasil;7881036537;31/03/2026;sem_rateio_departamento;Sem rateio
8w7sxfya;Mar Brasil;7881471426;10/03/2026;sem_rateio_departamento;Sem rateio
8w7sxfya;Mar Brasil;7881471436;23/03/2026;sem_rateio_departamento;Sem rateio
8w7sxfya;Mar Brasil;7882914254;23/12/2025;projeto_ausente;Projeto ausente
8w7sxfya;Mar Brasil;7883466836;15/03/2026;sem_rateio_departamento;Sem rateio
8w7sxfya;Mar Brasil;7883826686;31/03/2026;sem_rateio_departamento;Sem rateio
8w7sxfya;Mar Brasil;7883826866;31/03/2026;sem_rateio_departamento;Sem rateio
8w7sxfya;Mar Brasil;7883834698;02/03/2026;sem_rateio_departamento;Sem rateio
8w7sxfya;Mar Brasil;7883834700;02/03/2026;sem_rateio_departamento;Sem rateio
8w7sxfya;Mar Brasil;7883834704;02/04/2026;sem_rateio_departamento;Sem rateio
8w7sxfya;Mar Brasil;7883839540;12/03/2026;sem_rateio_departamento;Sem rateio
8w7sxfya;Mar Brasil;7883839735;12/03/2026;sem_rateio_departamento;Sem rateio
8w7sxfya;Mar Brasil;7883839955;12/03/2026;sem_rateio_departamento;Sem rateio
8w7sxfya;Mar Brasil;7883840232;12/03/2026;sem_rateio_departamento;Sem rateio
8w7sxfya;Mar Brasil;7885635159;10/03/2026;sem_rateio_departamento;Sem rateio
8w7sxfya;Mar Brasil;7895324114;05/01/2026;sem_rateio_departamento;Sem rateio
8w7sxfya;Mar Brasil;7895347534;05/01/2026;sem_rateio_departamento;Sem rateio
8w7sxfya;Mar Brasil;7895347808;04/02/2026;sem_rateio_departamento;Sem rateio
8w7sxfya;Mar Brasil;7895347809;16/03/2026;sem_rateio_departamento;Sem rateio
8w7sxfya;Mar Brasil;7895347810;05/04/2026;sem_rateio_departamento;Sem rateio
8w7sxfya;Mar Brasil;7895461803;02/03/2026;sem_rateio_departamento;Sem rateio
8w7sxfya;Mar Brasil;7895461805;05/04/2026;sem_rateio_departamento;Sem rateio
8w7sxfya;Mar Brasil;7895461806;05/04/2026;sem_rateio_departamento;Sem rateio
8w7sxfya;Mar Brasil;7897798241;24/12/2025;sem_rateio_departamento;Sem rateio
8w7sxfya;Mar Brasil;7907947718;31/03/2026;sem_rateio_departamento;Sem rateio
8w7sxfya;Mar Brasil;7908300640;31/03/2026;sem_rateio_departamento;Sem rateio
8w7sxfya;Mar Brasil;7908425753;31/03/2026;sem_rateio_departamento;Sem rateio
8w7sxfya;Mar Brasil;7909855911;23/03/2026;sem_rateio_departamento;Sem rateio
8w7sxfya;Mar Brasil;7909855912;12/03/2026;sem_rateio_departamento;Sem rateio
8w7sxfya;Mar Brasil;7910003014;19/03/2026;sem_rateio_departamento;Sem rateio
8w7sxfya;Mar Brasil;7910222121;31/03/2026;sem_rateio_departamento;Sem rateio
8w7sxfya;Mar Brasil;7911805641;10/03/2026;sem_rateio_departamento;Sem rateio
8w7sxfya;Mar Brasil;7912424174;16/03/2026;sem_rateio_departamento;Sem rateio
8w7sxfya;Mar Brasil;7912432232;16/03/2026;sem_rateio_departamento;Sem rateio
8w7sxfya;Mar Brasil;7912440290;16/03/2026;sem_rateio_departamento;Sem rateio
8w7sxfya;Mar Brasil;7912556922;14/01/2026;sem_rateio_departamento;Sem rateio
8w7sxfya;Mar Brasil;7912711542;10/03/2026;sem_rateio_departamento;Sem rateio
8w7sxfya;Mar Brasil;7913905361;15/03/2026;sem_rateio_departamento;Sem rateio
8w7sxfya;Mar Brasil;7913908401;22/03/2026;sem_rateio_departamento;Sem rateio
8w7sxfya;Mar Brasil;7914856958;10/03/2026;sem_rateio_departamento;Sem rateio
8w7sxfya;Mar Brasil;7915092487;16/01/2026;sem_rateio_departamento;Sem rateio
8w7sxfya;Mar Brasil;7918706774;10/03/2026;sem_rateio_departamento;Sem rateio
8w7sxfya;Mar Brasil;7918706775;20/03/2026;sem_rateio_departamento;Sem rateio
8w7sxfya;Mar Brasil;7919290719;21/03/2026;sem_rateio_departamento;Sem rateio
8w7sxfya;Mar Brasil;7919291900;31/03/2026;sem_rateio_departamento;Sem rateio
8w7sxfya;Mar Brasil;7919291904;21/03/2026;sem_rateio_departamento;Sem rateio
8w7sxfya;Mar Brasil;7919529773;10/03/2026;sem_rateio_departamento;Sem rateio
8w7sxfya;Mar Brasil;7919529775;10/03/2026;sem_rateio_departamento;Sem rateio
8w7sxfya;Mar Brasil;7920845471;23/01/2026;sem_rateio_departamento;Sem rateio
8w7sxfya;Mar Brasil;7921005838;23/03/2026;sem_rateio_departamento;Sem rateio
8w7sxfya;Mar Brasil;7921007821;23/03/2026;sem_rateio_departamento;Sem rateio
8w7sxfya;Mar Brasil;7921012450;23/03/2026;sem_rateio_departamento;Sem rateio
8w7sxfya;Mar Brasil;7922925859;26/01/2026;sem_rateio_departamento;Sem rateio
8w7sxfya;Mar Brasil;7923096469;10/03/2026;sem_rateio_departamento;Sem rateio
8w7sxfya;Mar Brasil;7923112174;26/03/2026;sem_rateio_departamento;Sem rateio
8w7sxfya;Mar Brasil;7923998517;10/03/2026;sem_rateio_departamento;Sem rateio
8w7sxfya;Mar Brasil;7924234856;27/03/2026;sem_rateio_departamento;Sem rateio
8w7sxfya;Mar Brasil;7925709471;01/03/2026;sem_rateio_departamento;Sem rateio
8w7sxfya;Mar Brasil;7925709472;28/03/2026;sem_rateio_departamento;Sem rateio
8w7sxfya;Mar Brasil;7927173152;29/01/2026;sem_rateio_departamento;Sem rateio
8w7sxfya;Mar Brasil;7933423937;10/03/2026;sem_rateio_departamento;Sem rateio
8w7sxfya;Mar Brasil;7933697202;10/03/2026;sem_rateio_departamento;Sem rateio
8w7sxfya;Mar Brasil;7933700064;10/03/2026;sem_rateio_departamento;Sem rateio
8w7sxfya;Mar Brasil;7933700456;04/03/2026;sem_rateio_departamento;Sem rateio
8w7sxfya;Mar Brasil;7933700457;04/04/2026;sem_rateio_departamento;Sem rateio
8w7sxfya;Mar Brasil;7934695388;04/02/2026;sem_rateio_departamento;Sem rateio
8w7sxfya;Mar Brasil;7934708370;02/02/2026;sem_rateio_departamento;Sem rateio
8w7sxfya;Mar Brasil;7935769493;10/03/2026;sem_rateio_departamento;Sem rateio
8w7sxfya;Mar Brasil;7935819966;03/02/2026;categoria_ausente;Categoria ausente
8w7sxfya;Mar Brasil;7938915243;20/02/2026;sem_rateio_departamento;Sem rateio
8w7sxfya;Mar Brasil;7939362395;10/02/2026;sem_rateio_departamento;Sem rateio
8w7sxfya;Mar Brasil;7939726445;31/03/2026;sem_rateio_departamento;Sem rateio
8w7sxfya;Mar Brasil;7941136492;10/03/2026;sem_rateio_departamento;Sem rateio
8w7sxfya;Mar Brasil;7943460551;12/02/2026;sem_rateio_departamento;Sem rateio
8w7sxfya;Mar Brasil;7943465982;11/02/2026;sem_rateio_departamento;Sem rateio
8w7sxfya;Mar Brasil;7943469627;11/02/2026;sem_rateio_departamento;Sem rateio
8w7sxfya;Mar Brasil;7943473693;09/02/2026;sem_rateio_departamento;Sem rateio
8w7sxfya;Mar Brasil;7943478065;09/02/2026;sem_rateio_departamento;Sem rateio
8w7sxfya;Mar Brasil;7943940991;10/03/2026;sem_rateio_departamento;Sem rateio
8w7sxfya;Mar Brasil;7945683670;16/02/2026;sem_rateio_departamento;Sem rateio
8w7sxfya;Mar Brasil;7945685723;16/02/2026;sem_rateio_departamento;Sem rateio
8w7sxfya;Mar Brasil;7948331397;23/01/2026;categoria_ausente;Categoria ausente
8w7sxfya;Mar Brasil;7948384560;19/02/2026;sem_rateio_departamento;Sem rateio
8w7sxfya;Mar Brasil;7948407387;17/02/2026;sem_rateio_departamento;Sem rateio
8w7sxfya;Mar Brasil;7949308500;07/02/2026;sem_rateio_departamento;Sem rateio
8w7sxfya;Mar Brasil;7949329424;09/02/2026;sem_rateio_departamento;Sem rateio
8w7sxfya;Mar Brasil;7951765789;10/03/2026;sem_rateio_departamento;Sem rateio
8w7sxfya;Mar Brasil;7952409340;10/03/2026;sem_rateio_departamento;Sem rateio
8w7sxfya;Mar Brasil;7952414637;10/03/2026;sem_rateio_departamento;Sem rateio
8w7sxfya;Mar Brasil;7952423397;10/03/2026;sem_rateio_departamento;Sem rateio
8w7sxfya;Mar Brasil;7952431293;10/03/2026;sem_rateio_departamento;Sem rateio
8w7sxfya;Mar Brasil;7952441198;10/03/2026;sem_rateio_departamento;Sem rateio
8w7sxfya;Mar Brasil;7952475150;03/03/2026;sem_rateio_departamento;Sem rateio
8w7sxfya;Mar Brasil;7953273720;24/02/2026;sem_rateio_departamento;Sem rateio
8w7sxfya;Mar Brasil;12200148668;10/03/2026;sem_rateio_departamento;Sem rateio
8w7sxfya;Mar Brasil;12200191752;24/02/2026;sem_rateio_departamento;Sem rateio
8w7sxfya;Mar Brasil;12200289635;10/03/2026;sem_rateio_departamento;Sem rateio
8w7sxfya;Mar Brasil;12201639310;02/03/2026;sem_rateio_departamento;Sem rateio
8w7sxfya;Mar Brasil;12201659876;02/03/2026;sem_rateio_departamento;Sem rateio
8w7sxfya;Mar Brasil;12202016015;02/03/2026;sem_rateio_departamento;Sem rateio
8w7sxfya;Mar Brasil;12202023382;02/03/2026;sem_rateio_departamento;Sem rateio
8w7sxfya;Mar Brasil;12202099077;02/03/2026;sem_rateio_departamento;Sem rateio
8w7sxfya;Mar Brasil;12202596653;02/03/2026;sem_rateio_departamento;Sem rateio
8w7sxfya;Mar Brasil;12202687830;02/03/2026;sem_rateio_departamento;Sem rateio
8w7sxfya;Mar Brasil;12203120461;03/03/2026;sem_rateio_departamento;Sem rateio
8w7sxfya;Mar Brasil;12203143281;03/03/2026;sem_rateio_departamento;Sem rateio
8w7sxfya;Mar Brasil;12203184621;31/03/2026;sem_rateio_departamento;Sem rateio
8w7sxfya;Mar Brasil;12203185304;31/03/2026;sem_rateio_departamento;Sem rateio
8w7sxfya;Mar Brasil;12203187516;31/03/2026;sem_rateio_departamento;Sem rateio
8w7sxfya;Mar Brasil;12203237481;03/03/2026;sem_rateio_departamento;Sem rateio
8w7sxfya;Mar Brasil;12203246157;03/03/2026;sem_rateio_departamento;Sem rateio
8w7sxfya;Mar Brasil;12203247925;03/03/2026;sem_rateio_departamento;Sem rateio
8w7sxfya;Mar Brasil;12203795232;03/03/2026;sem_rateio_departamento;Sem rateio
8w7sxfya;Mar Brasil;12203797460;03/03/2026;sem_rateio_departamento;Sem rateio
8w7sxfya;Mar Brasil;12203798505;03/03/2026;sem_rateio_departamento;Sem rateio
8w7sxfya;Mar Brasil;12203799761;03/03/2026;sem_rateio_departamento;Sem rateio
8w7sxfya;Mar Brasil;12203802695;02/03/2026;sem_rateio_departamento;Sem rateio
8w7sxfya;Mar Brasil;12203935487;04/03/2026;sem_rateio_departamento;Sem rateio
8w7sxfya;Mar Brasil;12203937430;04/03/2026;sem_rateio_departamento;Sem rateio
8w7sxfya;Mar Brasil;12203946392;04/03/2026;sem_rateio_departamento;Sem rateio
8w7sxfya;Mar Brasil;12204071316;04/03/2026;sem_rateio_departamento;Sem rateio
8w7sxfya;Mar Brasil;12204076985;04/03/2026;sem_rateio_departamento;Sem rateio
8w7sxfya;Mar Brasil;12204471258;23/03/2026;sem_rateio_departamento;Sem rateio
8w7sxfya;Mar Brasil;12204533216;04/03/2026;sem_rateio_departamento;Sem rateio
8w7sxfya;Mar Brasil;12204534648;04/03/2026;sem_rateio_departamento;Sem rateio
8w7sxfya;Mar Brasil;12204835136;05/03/2026;sem_rateio_departamento;Sem rateio
8w7sxfya;Mar Brasil;12204849431;05/03/2026;sem_rateio_departamento;Sem rateio
8w7sxfya;Mar Brasil;12204959519;10/03/2026;sem_rateio_departamento;Sem rateio
8w7sxfya;Mar Brasil;12205228433;06/03/2026;sem_rateio_departamento;Sem rateio
8w7sxfya;Mar Brasil;12205248916;05/03/2026;sem_rateio_departamento;Sem rateio
8w7sxfya;Mar Brasil;12205252346;05/03/2026;sem_rateio_departamento;Sem rateio
8w7sxfya;Mar Brasil;12205254626;05/03/2026;sem_rateio_departamento;Sem rateio
8w7sxfya;Mar Brasil;12205269075;05/03/2026;sem_rateio_departamento;Sem rateio
8w7sxfya;Mar Brasil;12205642654;07/03/2026;projeto_ausente;Projeto ausente
8w7sxfya;Mar Brasil;12205642654;07/03/2026;sem_rateio_departamento;Sem rateio
8w7sxfya;Mar Brasil;12206334445;09/03/2026;sem_rateio_departamento;Sem rateio
8w7sxfya;Mar Brasil;12206579645;23/03/2026;sem_rateio_departamento;Sem rateio
8w7sxfya;Mar Brasil;12206860585;10/03/2026;sem_rateio_departamento;Sem rateio
8w7sxfya;Mar Brasil;12206868192;10/03/2026;sem_rateio_departamento;Sem rateio
8w7sxfya;Mar Brasil;12207048810;09/03/2026;sem_rateio_departamento;Sem rateio
8w7sxfya;Mar Brasil;12207051258;06/03/2026;sem_rateio_departamento;Sem rateio
8w7sxfya;Mar Brasil;12207063410;28/02/2026;projeto_ausente;Projeto ausente
8w7sxfya;Mar Brasil;12207063410;28/02/2026;sem_rateio_departamento;Sem rateio
8w7sxfya;Mar Brasil;12207063583;07/01/2026;projeto_ausente;Projeto ausente
8w7sxfya;Mar Brasil;12207063583;07/01/2026;sem_rateio_departamento;Sem rateio
8w7sxfya;Mar Brasil;12207141147;10/03/2026;sem_rateio_departamento;Sem rateio
8w7sxfya;Mar Brasil;12207309691;11/03/2026;sem_rateio_departamento;Sem rateio
8w7sxfya;Mar Brasil;12207323567;11/03/2026;sem_rateio_departamento;Sem rateio
8w7sxfya;Mar Brasil;12207343535;11/03/2026;sem_rateio_departamento;Sem rateio
8w7sxfya;Mar Brasil;12207549648;06/03/2026;sem_rateio_departamento;Sem rateio
8w7sxfya;Mar Brasil;12207553748;11/03/2026;sem_rateio_departamento;Sem rateio
8w7sxfya;Mar Brasil;12207570033;11/03/2026;sem_rateio_departamento;Sem rateio
8w7sxfya;Mar Brasil;12207571968;11/03/2026;sem_rateio_departamento;Sem rateio
8w7sxfya;Mar Brasil;12208039238;11/03/2026;sem_rateio_departamento;Sem rateio
8w7sxfya;Mar Brasil;12208040659;10/03/2026;sem_rateio_departamento;Sem rateio
8w7sxfya;Mar Brasil;12208043449;06/03/2026;sem_rateio_departamento;Sem rateio
8w7sxfya;Mar Brasil;12208044534;06/03/2026;sem_rateio_departamento;Sem rateio
8w7sxfya;Mar Brasil;12208046103;06/04/2026;sem_rateio_departamento;Sem rateio
8w7sxfya;Mar Brasil;12208047337;04/03/2026;sem_rateio_departamento;Sem rateio
8w7sxfya;Mar Brasil;12208057070;11/03/2026;sem_rateio_departamento;Sem rateio
8w7sxfya;Mar Brasil;12208069233;11/03/2026;projeto_ausente;Projeto ausente
8w7sxfya;Mar Brasil;12208071781;11/03/2026;projeto_ausente;Projeto ausente
8w7sxfya;Mar Brasil;12208211875;10/03/2026;sem_rateio_departamento;Sem rateio
8w7sxfya;Mar Brasil;12208213996;12/03/2026;sem_rateio_departamento;Sem rateio
8w7sxfya;Mar Brasil;12208302956;12/03/2026;sem_rateio_departamento;Sem rateio
8w7sxfya;Mar Brasil;12208387250;09/03/2026;sem_rateio_departamento;Sem rateio
8w7sxfya;Mar Brasil;12208407188;12/03/2026;sem_rateio_departamento;Sem rateio
8w7sxfya;Mar Brasil;12208659447;12/03/2026;projeto_ausente;Projeto ausente
8w7sxfya;Mar Brasil;12208662200;12/03/2026;projeto_ausente;Projeto ausente
8w7sxfya;Mar Brasil;12208663929;11/03/2026;sem_rateio_departamento;Sem rateio
8w7sxfya;Mar Brasil;12208667653;05/03/2026;sem_rateio_departamento;Sem rateio
8w7sxfya;Mar Brasil;12208681563;13/03/2026;sem_rateio_departamento;Sem rateio
8w7sxfya;Mar Brasil;12208703219;10/03/2026;sem_rateio_departamento;Sem rateio
8w7sxfya;Mar Brasil;12208735700;28/02/2026;sem_rateio_departamento;Sem rateio
8w7sxfya;Mar Brasil;12208778103;13/03/2026;sem_rateio_departamento;Sem rateio
8w7sxfya;Mar Brasil;12209106813;14/03/2026;sem_rateio_departamento;Sem rateio
8w7sxfya;Mar Brasil;12209113290;14/03/2026;projeto_ausente;Projeto ausente
8w7sxfya;Mar Brasil;12209113290;14/03/2026;sem_rateio_departamento;Sem rateio
8w7sxfya;Mar Brasil;12209656572;11/03/2026;sem_rateio_departamento;Sem rateio
8w7sxfya;Mar Brasil;12209670626;14/03/2026;projeto_ausente;Projeto ausente
8w7sxfya;Mar Brasil;12209670653;06/03/2026;sem_rateio_departamento;Sem rateio
8w7sxfya;Mar Brasil;12209675576;11/03/2026;sem_rateio_departamento;Sem rateio
8w7sxfya;Mar Brasil;12209683004;11/03/2026;sem_rateio_departamento;Sem rateio
8w7sxfya;Mar Brasil;12209685727;12/03/2026;sem_rateio_departamento;Sem rateio
8w7sxfya;Mar Brasil;12209688133;12/03/2026;sem_rateio_departamento;Sem rateio
8w7sxfya;Mar Brasil;12209690260;12/03/2026;sem_rateio_departamento;Sem rateio
8w7sxfya;Mar Brasil;12209745440;26/02/2026;sem_rateio_departamento;Sem rateio
8w7sxfya;Mar Brasil;12209746828;13/03/2026;sem_rateio_departamento;Sem rateio
8w7sxfya;Mar Brasil;12209782389;28/02/2026;projeto_ausente;Projeto ausente
8w7sxfya;Mar Brasil;12209782389;28/02/2026;sem_rateio_departamento;Sem rateio
8w7sxfya;Mar Brasil;12209783072;16/03/2026;projeto_ausente;Projeto ausente
8w7sxfya;Mar Brasil;12209783072;16/03/2026;sem_rateio_departamento;Sem rateio
8w7sxfya;Mar Brasil;12209785239;16/03/2026;sem_rateio_departamento;Sem rateio
8w7sxfya;Mar Brasil;12209799179;16/03/2026;sem_rateio_departamento;Sem rateio
8w7sxfya;Mar Brasil;12209822161;12/03/2026;sem_rateio_departamento;Sem rateio
8w7sxfya;Mar Brasil;12209827742;10/03/2026;sem_rateio_departamento;Sem rateio
8w7sxfya;Mar Brasil;12209830931;11/03/2026;sem_rateio_departamento;Sem rateio
8w7sxfya;Mar Brasil;12209832000;10/03/2026;sem_rateio_departamento;Sem rateio
8w7sxfya;Mar Brasil;12209834211;10/03/2026;sem_rateio_departamento;Sem rateio
8w7sxfya;Mar Brasil;12209840317;12/03/2026;sem_rateio_departamento;Sem rateio
8w7sxfya;Mar Brasil;12209843126;10/03/2026;sem_rateio_departamento;Sem rateio
8w7sxfya;Mar Brasil;12209850229;10/03/2026;sem_rateio_departamento;Sem rateio
8w7sxfya;Mar Brasil;12209933720;16/03/2026;sem_rateio_departamento;Sem rateio
8w7sxfya;Mar Brasil;12209943584;02/03/2026;sem_rateio_departamento;Sem rateio
8w7sxfya;Mar Brasil;12210280333;13/03/2026;sem_rateio_departamento;Sem rateio
8w7sxfya;Mar Brasil;12210409779;17/03/2026;sem_rateio_departamento;Sem rateio
8w7sxfya;Mar Brasil;12210410597;17/03/2026;sem_rateio_departamento;Sem rateio
8w7sxfya;Mar Brasil;12210410665;17/03/2026;sem_rateio_departamento;Sem rateio
8w7sxfya;Mar Brasil;12210412397;17/03/2026;sem_rateio_departamento;Sem rateio
8w7sxfya;Mar Brasil;12210412660;17/03/2026;sem_rateio_departamento;Sem rateio
8w7sxfya;Mar Brasil;12210414280;17/03/2026;sem_rateio_departamento;Sem rateio
8w7sxfya;Mar Brasil;12210415876;17/03/2026;sem_rateio_departamento;Sem rateio
8w7sxfya;Mar Brasil;12210416904;17/03/2026;sem_rateio_departamento;Sem rateio
8w7sxfya;Mar Brasil;12210423333;09/03/2026;sem_rateio_departamento;Sem rateio
8w7sxfya;Mar Brasil;12210451879;17/03/2026;sem_rateio_departamento;Sem rateio
8w7sxfya;Mar Brasil;12210876133;18/03/2026;sem_rateio_departamento;Sem rateio
8w7sxfya;Mar Brasil;12211175864;03/03/2026;projeto_ausente;Projeto ausente
8w7sxfya;Mar Brasil;12211177500;03/03/2026;projeto_ausente;Projeto ausente
8w7sxfya;Mar Brasil;12211182060;04/03/2026;projeto_ausente;Projeto ausente
8w7sxfya;Mar Brasil;12211184042;05/03/2026;projeto_ausente;Projeto ausente
8w7sxfya;Mar Brasil;12211184349;05/03/2026;projeto_ausente;Projeto ausente
8w7sxfya;Mar Brasil;12211185232;05/03/2026;projeto_ausente;Projeto ausente
8w7sxfya;Mar Brasil;12211188083;06/03/2026;projeto_ausente;Projeto ausente
8w7sxfya;Mar Brasil;12211188705;08/03/2026;projeto_ausente;Projeto ausente
8w7sxfya;Mar Brasil;12211194731;13/03/2026;projeto_ausente;Projeto ausente
8w7sxfya;Mar Brasil;12211194735;13/03/2026;projeto_ausente;Projeto ausente
8w7sxfya;Mar Brasil;12211194739;13/03/2026;projeto_ausente;Projeto ausente
8w7sxfya;Mar Brasil;12211248083;19/03/2026;sem_rateio_departamento;Sem rateio
8w7sxfya;Mar Brasil;12211255578;18/03/2026;projeto_ausente;Projeto ausente
8w7sxfya;Mar Brasil;12211394421;18/03/2026;sem_rateio_departamento;Sem rateio
8w7sxfya;Mar Brasil;12211407228;12/03/2026;sem_rateio_departamento;Sem rateio
8w7sxfya;Mar Brasil;12211689421;19/03/2026;sem_rateio_departamento;Sem rateio
8w7sxfya;Mar Brasil;12211959217;20/03/2026;sem_rateio_departamento;Sem rateio
8w7sxfya;Mar Brasil;12212025303;10/03/2026;sem_rateio_departamento;Sem rateio
8w7sxfya;Mar Brasil;12212070096;20/03/2026;sem_rateio_departamento;Sem rateio
8w7sxfya;Mar Brasil;12212099322;19/03/2026;sem_rateio_departamento;Sem rateio
8w7sxfya;Mar Brasil;12212103848;19/03/2026;sem_rateio_departamento;Sem rateio
8w7sxfya;Mar Brasil;12212105527;19/03/2026;sem_rateio_departamento;Sem rateio
8w7sxfya;Mar Brasil;12212108596;18/03/2026;sem_rateio_departamento;Sem rateio
8w7sxfya;Mar Brasil;12212128777;12/03/2026;sem_rateio_departamento;Sem rateio
8w7sxfya;Mar Brasil;12212139489;18/03/2026;sem_rateio_departamento;Sem rateio
8w7sxfya;Mar Brasil;12212149492;17/03/2026;sem_rateio_departamento;Sem rateio
8w7sxfya;Mar Brasil;12212154658;17/03/2026;sem_rateio_departamento;Sem rateio
8w7sxfya;Mar Brasil;12212185522;04/03/2026;sem_rateio_departamento;Sem rateio
8w7sxfya;Mar Brasil;12212189610;17/03/2026;sem_rateio_departamento;Sem rateio
8w7sxfya;Mar Brasil;12212228527;19/03/2026;projeto_ausente;Projeto ausente
8w7sxfya;Mar Brasil;12212228534;19/03/2026;projeto_ausente;Projeto ausente
8w7sxfya;Mar Brasil;12212228537;19/03/2026;projeto_ausente;Projeto ausente
8w7sxfya;Mar Brasil;12212980443;23/03/2026;sem_rateio_departamento;Sem rateio
8w7sxfya;Mar Brasil;12212982198;23/03/2026;sem_rateio_departamento;Sem rateio
8w7sxfya;Mar Brasil;12213001120;23/03/2026;sem_rateio_departamento;Sem rateio
8w7sxfya;Mar Brasil;12213042530;23/03/2026;sem_rateio_departamento;Sem rateio
8w7sxfya;Mar Brasil;12213073665;23/03/2026;sem_rateio_departamento;Sem rateio
8w7sxfya;Mar Brasil;12213077344;20/03/2026;projeto_ausente;Projeto ausente
8w7sxfya;Mar Brasil;12213440556;09/03/2026;sem_rateio_departamento;Sem rateio
8w7sxfya;Mar Brasil;12213469020;21/03/2026;projeto_ausente;Projeto ausente
8w7sxfya;Mar Brasil;12213469022;21/03/2026;projeto_ausente;Projeto ausente
8w7sxfya;Mar Brasil;12213473596;24/03/2026;sem_rateio_departamento;Sem rateio
8w7sxfya;Mar Brasil;12213477516;23/03/2026;sem_rateio_departamento;Sem rateio
8w7sxfya;Mar Brasil;12213483397;23/03/2026;sem_rateio_departamento;Sem rateio
8w7sxfya;Mar Brasil;12213483961;23/03/2026;sem_rateio_departamento;Sem rateio
8w7sxfya;Mar Brasil;12213485108;23/03/2026;sem_rateio_departamento;Sem rateio
8w7sxfya;Mar Brasil;12213487284;23/03/2026;sem_rateio_departamento;Sem rateio
8w7sxfya;Mar Brasil;12213492108;23/03/2026;sem_rateio_departamento;Sem rateio
8w7sxfya;Mar Brasil;12213508418;23/03/2026;sem_rateio_departamento;Sem rateio
8w7sxfya;Mar Brasil;12213515825;23/03/2026;sem_rateio_departamento;Sem rateio
8w7sxfya;Mar Brasil;12213529496;23/03/2026;sem_rateio_departamento;Sem rateio
8w7sxfya;Mar Brasil;12213530303;20/03/2026;sem_rateio_departamento;Sem rateio
8w7sxfya;Mar Brasil;12213530733;23/03/2026;sem_rateio_departamento;Sem rateio
8w7sxfya;Mar Brasil;12213531457;23/03/2026;sem_rateio_departamento;Sem rateio
8w7sxfya;Mar Brasil;12213532145;20/03/2026;sem_rateio_departamento;Sem rateio
8w7sxfya;Mar Brasil;12213536978;23/03/2026;sem_rateio_departamento;Sem rateio
8w7sxfya;Mar Brasil;12213537387;20/03/2026;sem_rateio_departamento;Sem rateio
8w7sxfya;Mar Brasil;12213537950;23/03/2026;sem_rateio_departamento;Sem rateio
8w7sxfya;Mar Brasil;12213538116;23/03/2026;sem_rateio_departamento;Sem rateio
8w7sxfya;Mar Brasil;12213573306;24/03/2026;sem_rateio_departamento;Sem rateio
8w7sxfya;Mar Brasil;12213604042;23/03/2026;sem_rateio_departamento;Sem rateio
8w7sxfya;Mar Brasil;12213604349;23/03/2026;sem_rateio_departamento;Sem rateio
8w7sxfya;Mar Brasil;12213607764;21/03/2026;sem_rateio_departamento;Sem rateio
8w7sxfya;Mar Brasil;12213615532;23/03/2026;sem_rateio_departamento;Sem rateio
8w7sxfya;Mar Brasil;12213665483;13/03/2026;sem_rateio_departamento;Sem rateio
8w7sxfya;Mar Brasil;12213667387;23/03/2026;sem_rateio_departamento;Sem rateio
8w7sxfya;Mar Brasil;12213670730;23/03/2026;sem_rateio_departamento;Sem rateio
8w7sxfya;Mar Brasil;12213694740;24/03/2026;sem_rateio_departamento;Sem rateio
8w7sxfya;Mar Brasil;12213695306;23/03/2026;sem_rateio_departamento;Sem rateio
8w7sxfya;Mar Brasil;12213729832;24/03/2026;sem_rateio_departamento;Sem rateio
8w7sxfya;Mar Brasil;12213731168;24/03/2026;sem_rateio_departamento;Sem rateio
8w7sxfya;Mar Brasil;12213758618;24/03/2026;sem_rateio_departamento;Sem rateio
8w7sxfya;Mar Brasil;12213922705;24/03/2026;projeto_ausente;Projeto ausente
8w7sxfya;Mar Brasil;12213977365;25/03/2026;sem_rateio_departamento;Sem rateio
8w7sxfya;Mar Brasil;12213980129;31/12/2025;sem_rateio_departamento;Sem rateio
8w7sxfya;Mar Brasil;12214008837;25/03/2026;sem_rateio_departamento;Sem rateio
8w7sxfya;Mar Brasil;12214029929;24/03/2026;sem_rateio_departamento;Sem rateio
8w7sxfya;Mar Brasil;12214054078;24/03/2026;projeto_ausente;Projeto ausente
8w7sxfya;Mar Brasil;12214090089;25/03/2026;sem_rateio_departamento;Sem rateio
8w7sxfya;Mar Brasil;12214108563;25/03/2026;sem_rateio_departamento;Sem rateio
8w7sxfya;Mar Brasil;12214518110;12/03/2026;sem_rateio_departamento;Sem rateio
8w7sxfya;Mar Brasil;12214518623;25/03/2026;projeto_ausente;Projeto ausente
8w7sxfya;Mar Brasil;12214566513;26/03/2026;sem_rateio_departamento;Sem rateio
8w7sxfya;Mar Brasil;12214969603;25/03/2026;projeto_ausente;Projeto ausente
8w7sxfya;Mar Brasil;12214985430;27/03/2026;sem_rateio_departamento;Sem rateio
8w7sxfya;Mar Brasil;12215212482;25/03/2026;projeto_ausente;Projeto ausente
8w7sxfya;Mar Brasil;12215274531;25/03/2026;sem_rateio_departamento;Sem rateio
8w7sxfya;Mar Brasil;12215274535;25/03/2026;projeto_ausente;Projeto ausente
8w7sxfya;Mar Brasil;12215316253;24/03/2026;sem_rateio_departamento;Sem rateio
8w7sxfya;Mar Brasil;12215416205;27/03/2026;sem_rateio_departamento;Sem rateio
8w7sxfya;Mar Brasil;12215418160;24/03/2026;projeto_ausente;Projeto ausente
8w7sxfya;Mar Brasil;12216008061;27/03/2026;projeto_ausente;Projeto ausente
8w7sxfya;Mar Brasil;12216075071;26/03/2026;sem_rateio_departamento;Sem rateio
8w7sxfya;Mar Brasil;12216079547;24/03/2026;sem_rateio_departamento;Sem rateio
8w7sxfya;Mar Brasil;12216081278;24/03/2026;sem_rateio_departamento;Sem rateio
8w7sxfya;Mar Brasil;12216086385;24/03/2026;sem_rateio_departamento;Sem rateio
8w7sxfya;Mar Brasil;12216089991;24/03/2026;sem_rateio_departamento;Sem rateio
8w7sxfya;Mar Brasil;12216090708;31/03/2026;sem_rateio_departamento;Sem rateio
8w7sxfya;Mar Brasil;12216092285;26/03/2026;sem_rateio_departamento;Sem rateio
8w7sxfya;Mar Brasil;12216096957;20/03/2026;sem_rateio_departamento;Sem rateio
8w7sxfya;Mar Brasil;12216103354;20/03/2026;sem_rateio_departamento;Sem rateio
8w7sxfya;Mar Brasil;12216109279;30/03/2026;sem_rateio_departamento;Sem rateio
8w7sxfya;Mar Brasil;12216172074;26/03/2026;sem_rateio_departamento;Sem rateio
8w7sxfya;Mar Brasil;12216209586;30/03/2026;sem_rateio_departamento;Sem rateio
8w7sxfya;Mar Brasil;12216225798;30/03/2026;sem_rateio_departamento;Sem rateio
8w7sxfya;Mar Brasil;12216228667;30/03/2026;sem_rateio_departamento;Sem rateio
8w7sxfya;Mar Brasil;12216229086;30/03/2026;sem_rateio_departamento;Sem rateio
8w7sxfya;Mar Brasil;12216299345;30/03/2026;sem_rateio_departamento;Sem rateio
8w7sxfya;Mar Brasil;12216334096;10/03/2026;sem_rateio_departamento;Sem rateio
8w7sxfya;Mar Brasil;12216336731;05/03/2026;sem_rateio_departamento;Sem rateio
8w7sxfya;Mar Brasil;12216423600;11/03/2026;sem_rateio_departamento;Sem rateio
8w7sxfya;Mar Brasil;12216425437;27/03/2026;sem_rateio_departamento;Sem rateio
8w7sxfya;Mar Brasil;12216427368;26/03/2026;sem_rateio_departamento;Sem rateio
8w7sxfya;Mar Brasil;12216428845;27/03/2026;sem_rateio_departamento;Sem rateio
8w7sxfya;Mar Brasil;12216434983;30/03/2026;sem_rateio_departamento;Sem rateio
8w7sxfya;Mar Brasil;12216453867;30/03/2026;sem_rateio_departamento;Sem rateio
8w7sxfya;Mar Brasil;12216675978;31/03/2026;sem_rateio_departamento;Sem rateio
8w7sxfya;Mar Brasil;12216692229;27/03/2026;sem_rateio_departamento;Sem rateio
8w7sxfya;Mar Brasil;12216697875;20/03/2026;sem_rateio_departamento;Sem rateio
8w7sxfya;Mar Brasil;12216699269;24/03/2026;sem_rateio_departamento;Sem rateio
8w7sxfya;Mar Brasil;12216701642;25/03/2026;sem_rateio_departamento;Sem rateio
8w7sxfya;Mar Brasil;12216702496;25/03/2026;sem_rateio_departamento;Sem rateio
8w7sxfya;Mar Brasil;12216707062;04/03/2026;sem_rateio_departamento;Sem rateio
8w7sxfya;Mar Brasil;12216708913;07/03/2026;sem_rateio_departamento;Sem rateio
8w7sxfya;Mar Brasil;12216710155;07/03/2026;sem_rateio_departamento;Sem rateio
8w7sxfya;Mar Brasil;12216712239;09/03/2026;sem_rateio_departamento;Sem rateio
8w7sxfya;Mar Brasil;12216774742;30/03/2026;projeto_ausente;Projeto ausente
8w7sxfya;Mar Brasil;12216775982;30/03/2026;projeto_ausente;Projeto ausente
8w7sxfya;Mar Brasil;12216779711;30/03/2026;projeto_ausente;Projeto ausente
8w7sxfya;Mar Brasil;12216780945;30/03/2026;projeto_ausente;Projeto ausente
8w7sxfya;Mar Brasil;12216805584;31/03/2026;sem_rateio_departamento;Sem rateio
8w7sxfya;Mar Brasil;12216819764;31/03/2026;sem_rateio_departamento;Sem rateio
8w7sxfya;Mar Brasil;12216821396;31/03/2026;sem_rateio_departamento;Sem rateio
8w7sxfya;Mar Brasil;12216827729;13/03/2026;sem_rateio_departamento;Sem rateio
8w7sxfya;Mar Brasil;12216828761;13/03/2026;sem_rateio_departamento;Sem rateio
8w7sxfya;Mar Brasil;12216899854;31/03/2026;sem_rateio_departamento;Sem rateio
8w7sxfya;Mar Brasil;12217967112;31/03/2026;sem_rateio_departamento;Sem rateio
8w7sxfya;Mar Brasil;12217971207;31/03/2026;sem_rateio_departamento;Sem rateio
8w7sxfya;Mar Brasil;12217984915;31/03/2026;sem_rateio_departamento;Sem rateio
8w7sxfya;Mar Brasil;12218071882;01/04/2026;projeto_ausente;Projeto ausente
8w7sxfya;Mar Brasil;12218099707;13/03/2026;sem_rateio_departamento;Sem rateio
8w7sxfya;Mar Brasil;12218145636;01/04/2026;sem_rateio_departamento;Sem rateio
8w7sxfya;Mar Brasil;12218153051;01/04/2026;sem_rateio_departamento;Sem rateio
8w7sxfya;Mar Brasil;12218424915;02/04/2026;sem_rateio_departamento;Sem rateio
8w7sxfya;Mar Brasil;12218484560;02/04/2026;sem_rateio_departamento;Sem rateio
8w7sxfya;Mar Brasil;12218495856;01/04/2026;sem_rateio_departamento;Sem rateio
8w7sxfya;Mar Brasil;12218497506;01/04/2026;sem_rateio_departamento;Sem rateio
8w7sxfya;Mar Brasil;12218498411;01/04/2026;sem_rateio_departamento;Sem rateio
8w7sxfya;Mar Brasil;12219692928;01/04/2026;projeto_ausente;Projeto ausente
8w7sxfya;Mar Brasil;12219718555;30/03/2026;projeto_ausente;Projeto ausente
8w7sxfya;Mar Brasil;12219721397;30/03/2026;projeto_ausente;Projeto ausente
8w7sxfya;Mar Brasil;12219742634;30/03/2026;projeto_ausente;Projeto ausente
8w7sxfya;Mar Brasil;12219752070;30/03/2026;projeto_ausente;Projeto ausente
8w7sxfya;Mar Brasil;12219779300;06/04/2026;sem_rateio_departamento;Sem rateio
8w7sxfya;Mar Brasil;12219823726;31/03/2026;sem_rateio_departamento;Sem rateio
